0x662a44fb5740d2031228dce2e2df66c49b850b6e,0
0x1d11e5eae3112dbd44f99266872ff1d07c77dce8,1
0x7b46cd193eabff2cc6826e3e08bf513eee9d77e1,2
0x1c425e66144f0d39e8b6992add6a7a3f623d8d8f,3
0x1158c3c9a70e85d8358972810ed984c8e6ffcf0f,4
0x276c5c6ca8507ed7bac085fc9b9521f4f54b58d3,5
0x6394a841fb7db38f96cf9b53850be7a4090f6b46,6
0x3060bfe832362e013daf4bc2516dc3f8adfd5b69,7
0x22d7957d81497cc48c1020de201b07fc526a0c59,8
0x2bcc5943c2264648824ee9a479c351c74273453d,9
0x58e5bd1c1159f6626f6be1e61fbcd116a81b7b42,10
0x2935aa0a2d2fbb791622c29eb1c117b65b7a9085,11
0x258c09146b7a28dde8d3e230030e27643f91115f,12
0x7de5aba7de728950c92c57d08e20d4077161f12f,13
0xe8ed446a81cfa3f81e54248ccecee1b2d74e2d8f,14
0x6e52ac8d53f2a47034634fd3292030d3beceae7f,15
0x403b9b900efdddf9f921fd36c8b245258ce19b49,16
0xd4cb3eb955e03ac64644678fd3d6a7f3104ee70d,17
0xbca6b97971fe6a8de2f40b156e8b5501d5a1fd3b,18
0x9cdef79045bb1a6746734a3d6ad56932c228722c,19
0x87521d3b4b53e8d1f04f14d7567a6e1af9cf486a,20
0x9f4036e056ef4e3f9f2b3bb6074aa530c988172a,21
0x01861c6dfab20bae0fa4ee698912630697d78ce4,22
0x534068360f57a963b11d9431e7839548bd47a96d,23
0x424c6491431acf41ef5f4f31a33f0e5fe5565bfc,24
0x1b6a29606112e18b7e72b67204a8d43be44bba1e,25
0x62b9e63081cdeffbba49a59e134f30c8808476c7,26
0x1b1802741a35d3b40b718f4b2c4f777feda19ab5,27
0x3a469911d65fe089fa9da4397b45e5d0de83c3b7,28
0x31e684ad5c33b741b4043bb28ece3b0c1bf9e4d4,29
0xaf0334bf30c401b7e3afafbac1dbcdc712be8b9e,30
0xe840364aee732ae20b4e14197d0a155f421a8f2f,31
0xe98078636c06b1a990fbcd57ddd4c76ada305606,32
0x90778e2340741d3a6ce58bf497d5e5dd91aa13aa,33
0x9cf6685dbb33bded75ad8bba6326508027a73ddd,34
0xbcf047537056673c761c06f1cdbb60f7affd0748,35
0x2f9a099d327e3725d75f776bdc4fbe6de6fa9c80,36
0x94f89dc7f31f750a172603d186021c3b59ad5262,37
0x44ad27954c39691a010ba2a7bb29f66c64b48643,38
0x90e4881f7bd7f962baf811efa4b7ade273f28489,39
0xfadd0c5d206310344a31711da36ac89a7baeb388,40
0xab41925d69aaec7a47572ca88c36380e4cc9f9ee,41
0xd5778b50a19a8927b664c27c2b87437f4581fa7e,42
0xb21f8684f23dbb1008508b4de91a0aaedebdb7e4,43
0xd4e686a1fbf1bfe058510f07cd3936d3d5a70589,44
0x693789a0498691f5cb00324e905c550c08b58cf6,45
0x01b134b35e8e764140e4058912d96e258cefc593,46
0xa03ac9cb33d9a5858678e85cc179241ba776d980,47
0xcbf44b4df14b264062afa9f2486142335a983857,48
0x1fd1937921b6c9469066ae182067c4a964a8530e,49
0x61bda51a7fd3e07010fba31498fa3a526750e175,50
0xb8a289cbb69d7d3a725ce9f73124a9ada2a9ebf1,51
0xa8db85ae47bb05094715c205bbac70aa74f71a2d,52
0xda9ebfa1516409e5501c454667acc0db4471b66e,53
0x8d442ea08a98f7a685791f60062706b72adf5763,54
0x4191346f84a41ad3f71b3cb9b22444b8f67847fa,55
0x0dc12001f5ffda20dcd8a8ed1261373ecbadb851,56
0x2d2ee44e75747662b343b8f435ab6f655c218f0f,57
0x9dcfb9cfad0ca39087d07f5fdb844843753fc600,58
0x40c69e6d8c1bfe89b8eb5ee065af4930c2f143dc,59
0x4354bc3b2c41947fae5975a37e5a9b7f654dcc38,60
0x243f0d5816cacff60fdcc4ec8158bfb7da761a66,61
0x8476832352ec1cf565ae48764b464ea95e30d63e,62
0xcf2dd951249dc8bb144d01eba4e39dbca1227fac,63
0xe109ecb193841af9da3110c80fdd365d1c23be2a,64
0x33dda823d51829e9f9e71974a0a650d78068b81f,65
0x7a528c7477e3c6f0e9658d26f5c58b6e6957cef6,66
0xfbf5076dfb79c6402e96b3119e78641138aa5de1,67
0xa509fe0c536eef8fb1202098388fc62c3db53ec9,68
0x0f08c0ef99c6d04b784e65a80ce99dd3a74ab1de,69
0xe2a363d78124cd2aef06e88c8651a63355822534,70
0x809ea1460e7c4c2992e2838a4989b280e05b8f0a,71
0x5dc23a8abc3aa4b5992a4bda54988c9e40887651,72
0x782bdf7015b71b64f6750796dd087fde32fd6fdc,73
0x3afb784820d0b82dac00d26a702cad91723562df,74
0xa7a84a60f0b98ae161bf356946d8e4ddc3b9c5bc,75
0x35788d96b164267c9593827e3566090ab8115643,76
0x5ae7ecaba6ba6083a21c6b05deb86bc6c717a6db,77
0xfa5186a0af28454ba31bfc7b1100880b01b2051d,78
0xacec6573c4307346fa5b65de807f584078d567b7,79
0x675e2c143295b8683b5aed421329c4df85f91b33,80
0x1677ef4c5cfe9e7f965d2cc01168fe69c6d5e81e,81
0xe1abd3f0d289813bb015e1719a493426b7e5b371,82
0x1719ebdc0646fbf268b4feeb57af842ffbe4d45f,83
0x07307d0b136a79bac718f43388aed706389c4588,84
0x058d1729dcb6c320b11b733b6659a5e13ace861d,85
0x169332ae7d143e4b5c6baedb2fef77bfbddb4011,86
0x30b561304a4cd1f9941ab99be06d53a6cb341167,87
0xb90fd07604cee007344587201ec6e904e5dee66f,88
0x0c51a6ce650f18d5d26099b1444526d4f42090f1,89
0xb9ccb2d2d378eb93143ba248c4a06646f4a24544,90
0xfa7f59e08db55cfed61efbce2b0e155590105d11,91
0xee1ddbb0a2ade939e7b360db18d1741b758d5f95,92
0x94f27b5141e17dd8816242d752c7be8e6764bd22,93
0x30c9e568f133adce1f1ea91e189613223fc461b9,94
0xe4095dd7d9eba3dab5842b09691ec9fc69461f0c,95
0x2e4d276f49d5dd0cae4b8fc026cb2c9f62cd9e52,96
0x07804007e596d60d3f826066d4e93079e8a5732b,97
0x546f5a65d9b573ba9b225e19dd802c7899b27c93,98
0x4e9ad443432c3157634f7e30a98dfd524f092455,99
0x80aef2fc7b5eb2164b7bd6d963e28f06c9a1df14,100
0xb3eeb38e6e2d23f3bd9ff13bcfbd40f86874da26,101
0x8f9e5e673be92948acfee8af1f495ecba7cccf92,102
0xeca56d04546affcec0b3ce61971136f497866a3b,103
0xe9f8441c9de4a57d39f61c573eda2b52142fe538,104
0x1f0b7e65e27c89ec8efeb6ddbc8a973e6b43c9ea,105
0x5ddca254603858d08380ea9e8cf313fd8deb9c26,106
0x1929028714f9d7c68c6f1fb54494b294d6ba7096,107
0xe3a555ceea97d34dcd9223e878ff226808c7ca47,108
0x712ff98ba083b47496882b2f8b7086931eefe641,109
0x9caa830a61d5c361fd28d3b6012ba3792bd28c57,110
0xe37673a8e0aaa536828f0d5b0ddba12fece1115c,111
0xdb15058402c241b04a03846f6fb104b1fbeea10b,112
0xfe9d4e5717ec0e16f8301240df5c3f7d3e9effef,113
0xdaa034c9c02b883c7f5e1fa7f819d121d67c3d4b,114
0x288dcd4682d8f6b7fd849fb3dc9ba7fe57a8523e,115
0x68549d7dbb7a956f955ec1263f55494f05972a6b,116
0x2faa316fc4624ec39adc2ef7b5301124cfb68777,117
0x0ebe0931a48c05621cd5bece91a512b2c3ba4587,118
0xc1512ef30776c5d866e13e16ebba7d6c21d4bf79,119
0x763a6fbba23571b28b290ea12eee188d1e1b9cad,120
0xda8fdf5f549990c97c9d80a61c191de7a2a1819f,121
0x2c422149b900f988e4550f5c8306dda17891f63b,122
0x0b559eae20399ad55c59f84c8a05e5221d412572,123
0xfd601ed136b849cc70760e96ffb0d5acb86b00b5,124
0x8554185c5fd3bfcb1ea1e48ba35bace026c18784,125
0x859c38a06a1afc5dcdf7b78f11dc1e023b9442b0,126
0xeb7aed067b1591226141186740bd8651f8187ef2,127
0xbf5a283a279853dd520fdfc58f887f7462d29c7c,128
0x23da92430b536da57df22a91075bdc268694d1b6,129
0xd1ece712220eef6db22ca8ad1d1cd216470b9915,130
0x7011f3edc7fa43c81440f9f43a6458174113b162,131
0x1430236a73a97654bfb6851eb7e8facdfbe2cdb5,132
0x393519c01e80b188d326d461e4639bc0e3f62af0,133
0x0ba3ef81122669564a6803d252bf253e82dfce14,134
0xbfd5cc611d79e58eb7468af9139cc83c74de0bac,135
0x830ab830cb1f23d46653a439a69dea092832ebb6,136
0x09e79bb0cc75f43e277edb06c4b35fb8c3496375,137
0x908d1cd84c550c280dd74537edfced04edff4b2f,138
0x647dbbf2eccaff59b88464b6ba9a56a8ad1871d1,139
0x3a5aba43c7775336fc1808546670fd9002c6dcff,140
0x69e977d7db8df99e2f1c6dacf8049b74b9a65186,141
0x56df3a0c5c70b142c704af9637e97b2b0833c10d,142
0x910fbac3044557cc8ebd5a3dacd24f5552868de4,143
0x4c664c7f3bae827e325a8771720f463b6f852cfb,144
0xe414716f017b5c1457bf98e985bccb135dff81f2,145
0x1144ba611bc7216be6c14d51a759dc7a917b50a3,146
0x6105aec3611c299f1dfbd65524279dc2b1f41aa5,147
0xa6c3b7f6520a0ef594fc666d3874ec78c561cdbb,148
0xfbf4d6da12bf5117fe382e195b2c5fbd0f053213,149
0x412ef97177bcddccd70ece230f261161bd18dce7,150
0x3dcaf387e53e5743c55855d5dc858027536e591c,151
0x5ca3849471c0ac382666b7d42874810cfeb6ed8b,152
0x345f0e5fa635bcae92d3c055d6853c1253d27911,153
0x377bb56950d87a2832abde9c08e8a6c2eedaa86a,154
0x28f641e6a57d7d4807a07c6b324c50a44750941f,155
0xc4e32d098c8c0138919b147d828665bc2c76472b,156
0x386382301f8a66301b9024df591b2db4f488027c,157
0x9423d462f2965c3ab1f6fa35e37d8ce97aab2b21,158
0xf7fa0b6a2488491dfd0d59a881df13bdadb8a4f0,159
0x96b93e5d82cb6546468d3ee1012896b3ce5dc3fe,160
0x845e6abc68dcfa5477623a414f890b4b728082aa,161
0xb477b916927e789d66b2166b33b26f438334aad4,162
0x917d89e7356b06a379e61d157244e3cc0245f9fb,163
0x6c71c4e337bfe0398fc9d836112330815b08c82e,164
0xe7d52c63386e1ea890606e51fcaed549acc59bd4,165
0x4d6387f3b967da39b11de111158d49754c31985d,166
0x2a520dcc35c47556ff076ac8fdf715183b4e8d6a,167
0x71c2679f6905086ebb931e86f606ef25f878d5a9,168
0x08c2f6928b0027ae1582dae948109cceaf07f8a7,169
0xbf871ee17553ca56382a0dda5256760a0a979e62,170
0xfa452c1ac7038260b80fd7283fae7c605d929283,171
0xa0356522bbc7e0dbc82656bf8d078a3348a1af52,172
0x36ea441a8a3a0984fdb201d26fcbb2483523653d,173
0xef933ab1004097d3b14aba8aba48854b25e8c2f1,174
0x76fb95301a2e6e84845bdaf1ab4abb9f01d8fa5b,175
0x216ef5ace4247552f4d4c11769f44776107004ed,176
0x65eb93c4e0854e3b00a64cd18c176a7fd54dc50f,177
0x7c088a9a3375d64deb8d74264c58343545aa7d19,178
0x907051835a605b89fd39a6ac098c10b64c18669a,179
0xb549cd7084f8bd58919b23819857defd85ac249e,180
0xea6fdd238c03bd883d708892bfbd4efb412cdf94,181
0xdef9ac31db33be527f6bfa0894f4b502c4868baa,182
0x941697d56b21499181ab5fcf7edb610abd5e6458,183
0xcb731255e223caffc777ac91b3435fc2cbd40de8,184
0x8bdaf3891c254cf1d9c7fddfa0184570783af40b,185
0xf8f4e5d77208d5066dc117525b75a04d76e4ea23,186
0x29b973bc5ed4457ddfe2d0e929183ab46ab44ba3,187
0x151ae8eae740d8acc986188b86836bcf83060941,188
0x2b0f9a8e8833f0b7463598cc13cfe5c146f315b4,189
0x53918c1fdaa37d8bcff812db633c685df4151d10,190
0x259ec9559fab420ae1379e07324625dd61923f6d,191
0x0e26dc6e88d2bddfec9f2082540a38604bc038be,192
0x86a3b6e2e23a4334f7488d546ce0ca3dff021a54,193
0xf89adaad30541fdab79b71a00a860f365632e5f1,194
0x541c348304b9fb7baf64f528a2a0d2c897d1d6d9,195
0x858af56540dd18f4e52a7b609dd1374944742dfb,196
0x97e58c7d37cba1a1e2ecbb2a5b23f8d127b6892d,197
0x81e9e4c61fb544d658b68690db33f50c999d5283,198
0xb02daae7a74b3c646c2d61a1d63caeabc7f5c140,199
0xc6bd5776b90fabfc2787939c0de6a533571f505c,200
0xcd134ce565e6b7f7cefe2122a07a2e56d6ecbb26,201
0x3885b0c18e3c4ab0ca2b8dc99771944404687628,202
0x8056338e73fde306bb5d9aedec7f4a7b8637c9e7,203
0xe495d59d62b57fc9417fd27d5079b0a2f73c570f,204
0xa8ba70d5c2fae0b92d5ef8607bf7de09916c3027,205
0xf75e354c5edc8efed9b59ee9f67a80845ade7d0c,206
0x89dd7114860d96582091c6c65e3f95d83e2a9390,207
0x49f89b791edb1c02b9885108724dc4e7c0f29cdc,208
0xd06b7f18db2df982363e083de48946adcd1432e9,209
0x5c828377f27d373a082c42f3d5d0d2182da4e703,210
0xb0fd7d2d0f8660b868d9c5d997cb20e827c8c2da,211
0xf6a1aca9ede501614152c2ab43bba08dfc0a1d03,212
0xff7f39512eae77bb779d9371ae4957ccfada8070,213
0x9074575af448dc452f7cbab3a57fb703996075f1,214
0x7916d334ae6e9515507f77f5ea05e055ff7f60df,215
0xec65654c1bd70f5943ca5322ba3abe151b32e357,216
0x4b70c966f6b7c8608fa3da27c1a9f8ead6acde1e,217
0x5bffb996744288bdcb2995ae7301b7ffee8b940f,218
0x44dfe7bdbacfce77cf816c77b083cff6ed984022,219
0xdf6b6ee8f0d19f07ab8e54d8659a0c0e5c634082,220
0x8b5429bdf4e24f508154aa864675a007e618e79e,221
0xce4fc7288a023cc8762dcfea33f6738531deceb3,222
0xc9bfb4042437f6a260e6ebad8b80ce487400a397,223
0xfec47e609306595925ac4c3b75d2acdf07c2dea7,224
0x206c258814acdbaef393f1f555e2d90710402ce5,225
0x128561d27a26a3f636ad7818320b0ef15b4128bc,226
0x84a9c13107cbcb005da62e812c682dc3eb32a56c,227
0xd67f2d3e17fc5a6da536fe8ed7fa26e0c5eac03a,228
0x6cb663725947bbbd6388dc4d9632e63dfa53faf2,229
0xcfc3bb04fc771a438132b12bf3f2bd739ace7d69,230
0xd06e1b7b8685400781d49d8a6fe39c3fbe1a9330,231
0xc7e89224bad0dc7308b37c86104d767c12dd5983,232
0xa32a598c0a26f0a606786c8da00b64c41ccf0d4e,233
0x9c0450fd64beb9e323ffc9465061b1a1acbd8b61,234
0xd2f655bfaf7356a3057b2cc5344c72f6c3f2b534,235
0x3eba6adcf37da3f9b87c6313d74bce66b731f0ea,236
0xad5650181bab6789845c1dc09e360b33f09ae41b,237
0xaa880523aaa2433c3f948a374724b9e413f5229e,238
0xc4395759e26469baa0e6421bdc1d0232c6f4b6c3,239
0xbcd159845b81e35a0b5aff57feccd0b3114791ab,240
0x5fe5b7546d1628f7348b023a0393de1fc825a4fd,241
0xa3efdc1d823b8049d7d13548bf4288d74efd2a0a,242
0x926a5201500861e7830da912666737dd831ccdaa,243
0xf31c8ea37660bba66e540ade1b85ba3e3475ebb5,244
0x81f052a1735865118214f45f85f963a028c584c7,245
0x4865ce10ee4bc7fe6c0f69e1b9ffbc021897c33e,246
0x422af1f6cbd649217cd9f67562bcb219acf3a1e9,247
0x513d9cfdf8c3f7c08006a4828e9319bafff2e556,248
0xa2f63e28172ebf2477f4c1a87aed68aaa3ebbe3d,249
0xe16fe9cdca19e2975e40249c11c9c676d7f147f8,250
0xc4b28854e40c188727ec905394bfa88c28fc02c2,251
0x0315d0bad16a452137cd5e7153ac2da78e81d9ba,252
0x93026a2c4a0bc69de31515070bf086e0c1f789e5,253
0xc7180ea59fb91e5c8f329f59dd9575a7b06db9a8,254
0xe6d67a9f41b820072cd0764117792691f6112eec,255
0x816c42608bc6ad894a7d788129c408a18241ff55,256
0x33921ef3eeffb23d68802e43e8110ab6c2fff774,257
0xe468d26721b703d224d05563cb64746a7a40e1f4,258
0x3d9e942f183a7e564dd27479081f745a4f081f28,259
0xc21248ad00e2257789816852754f8a2fe502dd21,260
0xe5a07c796f6eaeb810e2857b6f253b1cf59f2dc4,261
0x50c0c62080d43b8b38168737b529379b58f1ef58,262
0x2394d2200903f311222a9b66d89129cbebf929e6,263
0x271306d38c2266c8e0684648d3405606c85121a4,264
0x20cfcf5c2a38c0e66a2f77e923bc196f5804850d,265
0xe30f4ee7a2fc59353d70e1ed66663614949f9295,266
0xb1428849bc12598c58cafdac8d7583658e7286e0,267
0x2caa3e6931413fba516a377a43cadd94e197bbfa,268
0x7be0fd09b8e87687c96ce86b5a24c0de0abf7152,269
0x8886e65a1e6e9b6f40eca576f4f4bbdcac601487,270
0x28cbb29ac0fcff55dcea93c85b43458532e66fc4,271
0x90bc9dc09464e651c47dd06b4bf1c5f843251a14,272
0x8f92424781fa8f07bc17e88d201c6c2602857687,273
0xafaa29a29a91dd2bab811f5180ab5d748983ef7c,274
0x5e64f70d766a9f2164bb587fba889643bfa6f317,275
0xc627fe7914c8170c2063d7241aadf15537d705de,276
0xb67b764445f828a37ffb757f8c94c20f07db8da6,277
0x6a4ecd7a1aeb0929eaafdf0be77a91f600a49fae,278
0x7e4b5d901ff86e5ba13e492452b91f517b27537f,279
0x1801f6139ce165a121e403641f2f7809c7ffa8a8,280
0x9ecc4144d883251394897b511dae5dea79d72fa1,281
0x0a4feeb02e9c6197e138abd308ce1e6ca435f988,282
0x321a1e5e0ef137f37eeb5563c987d60ab9dcd8de,283
0x6fdf04b93af8e9ef67ca5ee14e621bb0b046b4be,284
0xba77115749ae2cfa00caf19b3d636cee9be42d05,285
0x91658a7abf5d3cf162b58928395a27afe66ec597,286
0xbae60eb53c386ce6d932aa5ca28816fbd6eef774,287
0x99d5231a0a0d61d61f1088103682b0b26f377ee7,288
0x5fc7214891ce1633a1215902ba9b72cdefaf42f1,289
0x0aa8853dfd98af3d18603d16c955f23d7466facc,290
0x54919a2791de3bdd24ce047ea17e670a2ec4ba46,291
0x23de13f619cbc04f0dd88060466a0c23d01c6ae8,292
0xe82f6e574cb477eda94ff0d9b4906ba260371f58,293
0x37005accab2a7807d8572902a172c2a325021910,294
0xa37d013177e77de1b28e127bb673909cc1e6f6a7,295
0x93d3327657fee646a96dfb49b456ed6d2bac6508,296
0xb1247665ae0cbba65343cb7382d29b077ec47927,297
0xcfd5a3b1c50653c00e1cf028052b8d2bba3d0d7f,298
0xe76d48c09223180b7aa940307d4456e130343718,299
0x6b8dedd61e606408353cb02d9bfff32d45abed9a,300
0xc121a5c94a909c23a4e1c11ae567b20c1cb2c10d,301
0xbda7aeb6d2002efe360b6467275ef01e77d15497,302
0x1a6739f6d169f8cbe7407f02ed3b24471038838d,303
0x692e1a7544b6527d0861d2b8e9ac3929e388c737,304
0xd435c786e77ec78517fc94ac1642c99ebad0fb56,305
0xb643e96521ca61dcf433c1ac7d12f4dcd757708b,306
0x33a547cb0d0dd51355675b2e9b149db483a0c386,307
0x0a3570f5eaab2f6fcf1d607f45c9bc3fa774f46d,308
0xf726a1853d58eef6c8fd5ae08549bc6b98c204ed,309
0x15c817923774384362de9a3942287088087bf427,310
0xa236078f02627205b2e3bdea8dba2e9d150113d3,311
0xc861fc8dc9537159d94acbd662439046ea407166,312
0x4fea5cb278edfabcc24f7c1425951a0d2faa609b,313
0x2bb12a4f38d67e982f1c2a8dcfe66e57349d87a5,314
0xd6e5d47d49035010fde49ad659cd87ae1d60945d,315
0x8c73d949d75f92c159ec99035325a6be5edf6ccb,316
0x803d1bea2d0c20b0ae1ea1aa735dfcc71f26e0df,317
0x2929626131c5b0524d8307bdc920f0e3ff0159cd,318
0x983ef24da28ebbc2d94a53cc283ae5d855be4104,319
0x0bb9af76fa6ea06acad165bb8669957ab0cc938d,320
0x5b225aad73c4491fe5fb4fd56cc420e6d0c42795,321
0x611b717f7ee6c899a81ff7be4197281975230901,322
0x41f7082c31acce3f56584e5154dc9272286ded8b,323
0xd8e0968c56d52ebc43fb357176128d8ab53cf487,324
0x21bb26652b5bdfbb3fb122f2fa334afa734e47ba,325
0x4b25b370aa62d408bc2c87598289b59d1140545f,326
0x4ef256199155832a88063062aa4b7af052dd6b2d,327
0xdd81e513c52aa3d680d04c83801d33bb98f295ff,328
0x928f4b5f64117de4c8e770d22c879e8f541c19ca,329
0xfd5ff05cb15b2e8cddd0e96912a5dee8044b9374,330
0x787c8480aaa699cb36ed431784689080461afc0a,331
0x438147d3e195d7b8b22fda2168b07363a389d007,332
0x9f918d46c929f12a229b6084566384ee26805b4d,333
0xf9df17ea2d59073bd128746c58db1e87879d7a9e,334
0xda0181a763b533e532248f6ff859e564a470d9aa,335
0xf6865c95f955eaa6690bce89f24ac13b6fa8b39d,336
0x03bc35465b54048ee343fb960b3d5e2b128176c8,337
0xc6434c9d1c46b8dd305c2857d0d0996d94d1f628,338
0xb911e7cd8a3819fb22d405ce3da4da81b68dcdde,339
0xd7ce788028db3b557c6894f59892a087013113b1,340
0xce2e4b93728e51c421a3a721e77d2fe297b1c6ee,341
0x7d8a046f0e4987e0b7cdac21c361bf2757383a08,342
0xc1cfa6ac1d7cf99bd1e145dcd04ec462b3b0c4da,343
0x64bfec9574e16129416d71eceea4b2da9aef3106,344
0x985509582b2c38010bfaa3c8d2be60022d3d00da,345
0x81f76933b8b2e0852ade71d0002e4b8fb1b3d3f8,346
0x759d0f38ba05d28892f3bf0e5cbdd806266fb4a4,347
0x90786bf95df3f62c774695b166e6adfc8a0d18a5,348
0x9228416897721bd56c13914b0b068e69fb1e8014,349
0xea9c6c857e08774822d9defdcc52712c8dc08489,350
0x35a67a6e2c9c3999b39ad4c24521ddb7f5658f3d,351
0x731764ee75e80b62f504c544e3de756d2176dbbd,352
0x60637e6ed541f457d72c189c701ec3bab9c3ceca,353
0xd63aa3b2f964bfdc575dcdf6af31e2c60afe58b1,354
0x456460f028261eec2b1710f84cb4e33610446b2f,355
0x0d7e5e4784491b9eb62437d87bd2440ff95f6f1d,356
0x8d204246f72129a47e0c45372e04e06e3abe112c,357
0x84bd88dfa2bbc7d65cb99a92fe91586d6b2afc99,358
0xba8dbac43e996ad106850785078fa0d81ea566e7,359
0x9162e01c834ba005a939017c381dcc3e4a679819,360
0x17c512df3ba7f7fac4ebec56ee6f55711bc7bb7e,361
0xebd81a08ded0efaba8ef51924fb967b64aa85399,362
0xba96e0e575f41af2ab2e0fa6a115ca4e2cb149e4,363
0x64c9f39cf7adf810c33f76b1b893d3d130e9a09a,364
0xa1845c5089874e723fd96f9e442efa7e55064ca9,365
0xe5e8af885b626673c7c57ce33a6ac0ae1822d784,366
0x83db9105a1b7247b803b6990df859c6cf0df0c04,367
0xf9af5a48ba93565ae0062859f60cb402bdcc20b2,368
0x7897803b95ac298fbd6a815d706606de10dc0206,369
0x143c31b0ad3c7ac6b84977b5c6a03136b855e071,370
0xe73e2b8fa1e863db78a5affbb78b0f32907d164a,371
0x2761c0ad62d0f7f96f38332cabb9229378c9bfc9,372
0x4833e265c3f52d93f70030db9214075f91b9bdfc,373
0x2d7a9d8d3c88836aec94162c0cf017f10073284e,374
0x1a875da9e86506999a2931400475c34c27185dd1,375
0x27a45e341f7f58ec2469168e99331d0eca1a5626,376
0x534c5a8c34ad4e150581c50ded1bbfa5f22b1800,377
0xd9058a5dae88249d5a2b23692ab209fd17f44d42,378
0x3f6f8ba2084570b6fed140b816dae1357128170c,379
0xfb0b1c710a877cd42bf319c0a8ec78f6bcfc0368,380
0x39d6f191ced62329ebe4acb6ed8fcf90bc28d7f6,381
0x763c814f94e19713d2f60b7637ce410ef12859b1,382
0x43083b916e5637abec6b8000fa0872a8a35496ab,383
0x3b958a08711c55fef0683b3a3ded1ee8eb92db0e,384
0xaa2f83583f4351eeeb33beb484dc86f73f41cfcc,385
0x13c8995ea9b3c2f8cba9739b9cd91160861bf226,386
0x966dc689fe3918d3844b763e332f86ce03ecd7ae,387
0x929ae5f740593930b75090005c60c849913fea8c,388
0x30a6bab042c35e4eb08872b7861f12c991b8d923,389
0xe2e86f7369ebbe7009f278aad1d590372243bc2e,390
0xe42be630248b421491f6b4751b1058f52a98257e,391
0x8433bb1c691fa9c821277ac3fa2cae7414d265f2,392
0xff54217f20ab88d6a982a89b8d2a0410af5ef4a7,393
0x6f07e5cbd21103e9bb3a185deb7230ed7e21b66b,394
0x748a2b565d1f1eb4deb0a1aba2bad0a634f5d636,395
0x3ae1631cf21fa7000ae72dd2f5daca8ed49b3529,396
0xb6162c89df02e6aeefca2ea1ca88524685a08e03,397
0xdf4f03a9752a13a38de19dca7702f834d16ae22b,398
0xc2ac6849aec3938fb8c9b36f1c07be76f766637e,399
0x4fa7e11fed6469e70a138976d8e21d76d7b25fb3,400
0x92e8b0f8b06b2069e5f5046fb8ce1c3ac491259a,401
0x20c1907004d9ff1ff2e43a1402c46a2001a3f562,402
0x0a43196a7bea4a5591a42e7345df9a4a16550054,403
0x822e4b7af1c90e9a791f41d14536b3e03a7831f3,404
0x253a78891f84310e78969b4751b4bcc1a11db63b,405
0xafbc7cedd81c694e8033b101a0b49bfc1e5176e2,406
0x3c025ceb9fcf6e761f102c58a7f9c00aa9dd3142,407
0x411acbb8d3d41f6bb41b6270d37514c56fbb2143,408
0xd5f5120d1fdfda5ef60fca1f81d709f0432738af,409
0xf10d05f35991d3394dd5154b0e6912c615bf53eb,410
0x3dbb219d651ae2b0ccb76f1e6cc51f434a50df20,411
0xc74e74b55dfbb75a7aaf56b0a80c732d1cde3fdf,412
0xc94dba0dd44a8d51230b17790b87ca060d64cb43,413
0xa790d73aed3bc5f7ab4b998615ec74c88815bb82,414
0xcf2405263b7e0d11eec326b2da9d4b0d5463246b,415
0x3c456e4d48f972dd28e508905d8ce824fc532d89,416
0xbcbf4d2ce032769be810890bc1bf3b23a56eab62,417
0x782c6a75b98c54cd6cc2ecd11ab7902ab9507db1,418
0xb48d7ebd85a04924168370ed324fbc030e58cf08,419
0x5ccb781c7fd8c9ce1e77b7e2915cfe558d306e2b,420
0xe0cc6d85043de08170de00f0cdf5741384f4d234,421
0xf9bbc72b2e70fb76bef1c327fe90e942a6d37755,422
0xe07d3543efc43d62672c0e42004898ee897d0332,423
0x74c9f0321e81dad60d890c1bea7821dd73cbcd31,424
0x680a79579b69df391a4d23a7ba219b4d020736dc,425
0x74b2a743b2aef61feade97311ca7cfeaf7cb6e66,426
0xec99a35dc3cf502f45033639e01a2550ac10cb44,427
0x94cf02f0175d26d14f980daa0ee64929fbf5196c,428
0xb89812b0d188f4a980b0f56f6cc7af3e0191052f,429
0x429e434f0de48b2a75b7147105582d61bb4ea8ec,430
0xc01d93004b97b879bbd8baa39396722b80078e22,431
0xdd794491c8cc6dfa68774bbfb058990b00d7c851,432
0x1a89cba2264d8a215260e1168c8f409696e2e740,433
0x9c0421fbea73407e96de966f2d955c780e2b51be,434
0x8bbc48eee73d1caa9526ed4676febb852177297c,435
0x614e34b9ae3920d0a842ad5e361744e0d919b95b,436
0x6e1f0aef52b7b4b341ad27e00e394bd1c7f8b888,437
0xd4b99d8c015ebdf1f245bc106cd63fff09213c38,438
0x40c3506a8446bb5d806fe0030d451142c8044f77,439
0xfcde1c261eb257e14491b4e7cb1949a7623c00c5,440
0x51a54f58a4a384f6b90ad3874b24b9aab1a4859d,441
0x329e2382db65ef312ca68a6c8ef549e68d051e06,442
0x3fa42f8e21421fa0736351cac91044491cd7bf09,443
0xe209654739e15de27f7b2395ae00c1156082b482,444
0x542de21f775b413799510341f85571c1ccf6e57c,445
0x083bd70f1948c9cca270ce2cddc036e24a922ae8,446
0x0c201a7bdeae770cb8e661a95be1a362a941503b,447
0xdcce8bb56e6c9b1328d4cd9561c7ae0ff491b83b,448
0x7c42e3efe1fb0ae9262f2c713b7b0d8acb3a491a,449
0xa01aa217003cc65ca11cf141ac3db126d6427be8,450
0x5b05e3ecf97e78866ba5a1fa6b31788ad80ea5a2,451
0x6c5d1b85fe8464f7e6ffcf8ae2c2faad9181b24b,452
0x0b6cf6803fb69797e76c6930bf03cf7f9c3ee53a,453
0x20de7ede1a3348a9942348fcb58bb248d1952a7e,454
0x4480a80fb43f6a2c530347badf305263b7240237,455
0xde86fef5c9e8febc79da4900b5ee20a91ff43a28,456
0x68c18d0ffc991e8097ac5372c03fe31c2ebdc756,457
0xf33922a32d1cf640c5f231a1d379e18f920594f3,458
0x32a81e1730446825fe628b138583a03953a5c103,459
0x8017f24a47c889b1ee80501ff84beb3c017edf0b,460
0x3ca7d32fe7714e2523f9565b935c2e032e855682,461
0xa410322dafee2c3c7b9e0a603f997195f60424aa,462
0x8d8be7ce50daeed120508d951e315314dd04939a,463
0xa7f64c4ac0dd93f1b340c4482f597c4dd16b9228,464
0x035e62c27a2338d6ed147ec45d2779990a4c3b00,465
0xc57b3d4b3d69df9b746d64c06b14ff59c81af762,466
0xc5dd57026447ed3287196ac1e4c03975c5398ae7,467
0x2861bf89b6c640c79040d357c1e9513693ef5d3f,468
0x7a38621082d5f2bc4e1de5acdc07059813bccddb,469
0x4db466f01327ae5697a7c65a851e9bd896f28d71,470
0x97d390e78a9bb8f5f0bd3dfe1f6e4c99c479877f,471
0x5ea288ca0d393d2f40c340b9bd70d033d9b7c562,472
0x38ac81460ae7ff8b50e1ee6e4beaae8f9722049b,473
0x25b24855bd27ef73140ba3bacd3c625031747847,474
0x492b9ec345018d5714c5eea464b99fe3ed9387d6,475
0x0dd2f3f3917fe09ad13f308fc33969f6f0c88e39,476
0xa771ffe3df383c5417359d0d4ef089ba0b782a25,477
0x675d8a06e9fb12722ee26e9cd0b3a095ea788787,478
0xfb4948d8b99a868b11df024e54af040a33f180d7,479
0x35ca25180559c4b306cd774852fa0ea44abb510c,480
0x901977de338a04fcd282f85a691962bbc542a746,481
0xd27fab91734050142519cc77c01cc33180c1d531,482
0x69e2ca7264dd057bfc67c4d061da81375a476fc0,483
0x1a6d5952725d6ad5e56bef32a99d5ba5f92b9128,484
0x1ca43369c72702d2142933723a2d8fd3f56a2a56,485
0x707a208848d31f48cff83e1a019d3d8cabd13ea1,486
0xac4df82fe37ea2187bc8c011a23d743b4f39019a,487
0x848c87d50533d4b9e5169519335e862a1c917d57,488
0x54dcd97a77d12fb42a9ef839a3cdba0c1e92841a,489
0x2ca7b7140bdb846ca272d7392b3dd6e2dc1a6843,490
0xb7239aff0ab0c54287805c1995a19f5cc595547b,491
0x72c39a1286deaffbc3058cea4f9598bf0f2f6cf6,492
0x7d8b788b12c3edd5785f50be4cda8c6e6ea10e20,493
0xc2d72e968df598134529475769b6c8befe2d4786,494
0x2c2c7a28a70441959251646825d8c94de930dc93,495
0x3c05353b135e90fefb262218d35dc2827f1049fe,496
0x67db0d8dc24fc2df6b274087278c1da8e45d002e,497
0x4bcd0591897025a0c42d500b4c37b11de6d96a3c,498
0x20f2b6da3ef264e1cccc659803cede6357213dff,499
0xa2b67503b2e0d4a86e90b7b54fda8b1a781d816c,500
0x64d871dc1286688f62b31ec80cd67c91d8568192,501
0x5baf4ca7862716cfa08c29e8aa286dfbd9b1cee8,502
0x3c5a3436a52c65eb64613a2c345f90ba2899271e,503
0x71919742b329932d6f9f75402548082d77b1ea3e,504
0x8dd7693ead649aa369bc188049112fd7486a3b6b,505
0x86cb273192d6d7bbdb0f94d984058eab80cfab88,506
0x0bc183fb0ca5ff05cd65de9a076be232d0a50e14,507
0x77f3da6ee44bc350c33e14222e4b4e8466c555b6,508
0xae235bd463412b34f750974ddda19a8288e9629d,509
0xc3f5cfde42806f9e74e19596e4b10f39b7fbada5,510
0x1beda6c9842d1557e6c2e73cbbc25b8cd5e5dd13,511
0x54dacbbb41a680399c9060affd63e8433bfe6f2f,512
0xf4d628d41eb6e7b8a80e67a971d25cb0fe493027,513
0xb08aa4c973be6fa425711b2efc7a821320c3a312,514
0x9e222c04211cc27d5f6afd9f43cbb13a90274ea6,515
0x79ae16ae527b5c66c83c88aa4d43066561a7785f,516
0xfedd20ef3e0e8b25b169ce78caefb65393eca440,517
0xcf31e9093b9e464ffe821d9c8933230906eacae2,518
0x49586f41446e8797139b575e2d1b6bd832e9ed25,519
0xacf61dda0cf499e407a308a67b5fba88c849a730,520
0x4233da63d4e23aa98c45069ff833ba51d72d6855,521
0xc2d739c58b43d39b7a904ef77b9bade2dc0d88bf,522
0xd697cc721daab8efc7950ebb02c76848eff0d8ba,523
0x18ebd42dc5e42edac84e8ded1dc824af20008564,524
0x38b1a2d1ccab24e8c8e66ffbacfd54a0b049186d,525
0x1138e862f44df2506abf48d8aba5b805eccc96c4,526
0x5dfbc39e57974f9ad6ac2d670bd71c00c90cb805,527
0x03b864650f032776d8dbc6f5f058966862f66ca8,528
0x4398bb7a65a0c54f4f035b2e796b69ec31df99df,529
0xb4ec05e29d567de32b5f35fdc0c1c2e4709de852,530
0xf7097e8b6ff047837f3f2386c1005092d962bb75,531
0x3ff92ae4f6c2656f61058331e517844931198ff8,532
0x4bca74810cc4917a7dee954d21221b72fd87d3d7,533
0x41f547f76b16b93b14e4edab809ae0b07f03cbed,534
0xcaa2d32a71830164d0b0d0bbd641567d02c1451b,535
0x84c9cf2c6b98c81e0cceb41aa79161d16e0c54af,536
0xce4484b6d988a27ec9da967f84320c89194dd56b,537
0xad521207a16165e3c2b425022ca30a15ab3de397,538
0x01a4e336133145419e068536d058cfea6ecd6647,539
0x37743a1f06aea83db23cddecb75cf5c23a009de4,540
0x939340684f59c6ab60e2ca3e110c26591cc05964,541
0xc35a4e966bf792734a25ea524448ea54de385e4e,542
0x8a871f2212035a74eff856ccf2c9c2438cd4ade1,543
0xb5bfe0f3d8ce9567554ed6c46b3f0cffca049d4d,544
0xcf8470d3388a198418e02aaf8e37392cfbc18867,545
0xff4ed452cc30ef9e6656cdf307d1e81e32e88e50,546
0xf536175374e9db74d46142f1f425ed66daf36ea2,547
0xaf364b04b53cfb073fd7d7641f0a9f9426c83412,548
0x46a9a148d617138cb5c0346de289c030856bb716,549
0xbdea805a5368c1fb0f6f805701ae916f7e9e90e6,550
0x45bc5441578e94063f12f8d004a201fbc09a17f9,551
0x88d675e08b053404209e6b0461a1b648592cfbaa,552
0xe7c8cce3155088a8878e311267ccc6c13c082618,553
0x34c2ba5f5d4278156f6b02e69cb8e028029f3a99,554
0xd9dc4cacab8ab02e8c6278dc53c975979bc59e88,555
0x646dae4974f52bc5fd93b3ed02e1dd728f132b2b,556
0x4557f35b137145e7b4b605836f9bd217d23c166a,557
0x3c94923400ccc528e8ab0f849edafca06fe332e5,558
0xc7cc265eecda175e7c5060ddc371d66728d8c351,559
0x8353b754897da42c97901a0515449db323982e3d,560
0xe94d67dee0947c025ae572f090edb7fcf1644078,561
0x5c271994304dfbd455a5660028daba8c6e174171,562
0x01515980b257055f9678450528c03ded65902e40,563
0x223294182093bfc6b11e8ef5722d496f066036c2,564
0xb0059e72ae1802fa1e1add5e7d0cb0eec1cc0cc1,565
0x670c64d8c0b52c18336d516f8a1d2df553aac007,566
0x4da64d12aedf38b1aa68404784a86059c7077ef0,567
0xf631e3b3aafa084bc51c714825aacf505d2059be,568
0xf3ada3ce23646b3135455974d847f96456ed1b88,569
0x7a72dffbf905366af73bb171002ca14d3b9d9a91,570
0x02ad2003dbb5eb291b812af7e46ba8ec25795fb5,571
0x67de0f2f71e29b8003d957fbcde9c9ae393cbe94,572
0x3165e2c9ef00df4ec894dcb6eb575ca8d4481665,573
0xb431ef7f613b0a310c04fc0540340cff2bed40d5,574
0x236371e1656e87923d60301b22217d6407d122dc,575
0xecc72aac2791ee973bf607781a33a341b41e58c0,576
0x769c0533586bdc5f9339af75dcd0e787a3529cd9,577
0x35977bd2b101b99ce5329577485fcf2c5513a123,578
0x92a7673718ca48a97182db3594fe021f82c1b407,579
0xd8c2a1ba1a74bd44c9776ac7b22dbd53357588c2,580
0x42fa9653e4566e7bfedaee46b6f9258b61109b17,581
0xe358b3b9f29c67cb810c5184e6fde27d66ce036c,582
0xf5580a99966f0ffc9a5252e51335ef2221a2184d,583
0xaee3aaa82d60874fc720764c6e4ae8e3e18e1005,584
0xf41999b168d10132ade310c3116fe6fd6945ccff,585
0x00953bb0059f5a53740aac3c5abb0a3fc6768cd8,586
0xd4218e4a2a2da3041ae7d6a50fbc07e3a2d81b3d,587
0xbbbdca2d2973601d973bc0452252178fb992978f,588
0xe3ce93f6751e5c9a6c7c608834470ec746383633,589
0x0b7d0d2245da8904a7fdb5d2711cd9545bdf467c,590
0xcac7000c7dbaa2e33af15325af5d435e011c7bdd,591
0x2f38608632d7d19fc9c7655698ca91a86bf0ad4d,592
0xb7eaddcbaa30c52581de86a87e7ed45a979dfa03,593
0x30426aed1d7f4c60094ce2f0397b39091866e652,594
0x3375321c9b2aef3af27f6c2a3bf249d4be600877,595
0xa83f4250b783f41083b22747467f6c8d2c6c9386,596
0x1561c5af76f373c2c03c05f80817a722ebcdd290,597
0xec653d1e1877faa274cb195242e75cf9c4eba449,598
0x8c712d73c8068fc01317703eb67bfad6f6eb82fc,599
0x40270e4fcb35a5fb9cd533b735cd6ac21ab5b7da,600
0xfee4fe91a8cba6bfb987268fb08c3f71bbf6b692,601
0x2ebd2285d7310cdaece396415e04850293f75543,602
0xb96044f4e724447bb0ad8bf3d502851a4986be47,603
0x9ca228250f9d8f86c23690074c2b96d5f5479f79,604
0x8398ff6c618e9515468c1c4b198d53666cbe8462,605
0xb5b8d54d8076d5c2d0536dc901c06b2d0fb7d8cc,606
0xebd3c896351561331a3dc3658a6a3e8a482c3ed7,607
0x89cedd4a7e830ad3a33b161487c4501b24dbb159,608
0x10b1b3d8e79a4f9953a0bcec05af1110c4126ea6,609
0xedb95a28d55bbfcd977322ab4c533413f47b77f1,610
0x762831a4b10ccd2b1a642c8facc45ac4bf62889e,611
0x5d6f0e293786f1ec9feec3851c03951dc8c6112a,612
0xa0946555574c3b6229d16ca61bb62d1a9a2d42c7,613
0x49352616584dea1d1b3f63a834d3da9f00e0e342,614
0xa8bd13b8a3d3127d50643b8a6decc08c5d6568a4,615
0xd2017fea62214517c3621be8171008eb5ade8fba,616
0x9d9199a46701cd502b0ed666063710feaafaf1f9,617
0x7835142df32411a7df9e9e7dbc757083d50e4715,618
0x96d61c67487c5ce8bd683605f660e17b25c7c605,619
0xa7dcf6477119e7796da9ad721733ffcec72f571d,620
0x12836af3b617770ff98a9e665cb5a236d25c315f,621
0x352d32ee6d9a50083917ed6bc5b44978209d5502,622
0xb4a953f12f7418ed498a782ba47e5a7f5967091c,623
0x1c776e19850998177a7e33f6496c368bcabdce54,624
0x5e5c57f5033203cb0a8810d0d3ec9b8f63209e18,625
0x3f0217c5fc8fd657f9356623af883230f919bc84,626
0xa8e395a2c371b11cf5d43854da64aa1b3988ac49,627
0xc24431c1a1147456414355b1f1769de450e524da,628
0xc230e8b70dba54ad745e549dca41abd63062251b,629
0xdb292b3df18d09a9aa2c456eb2d9dd24847db73c,630
0x0be98fa7f0a150b96f673a79c7f13ca6d1085031,631
0x69d1fd5b45e8c82bb2a86a04105635209d8b4b60,632
0x27cb40ce7eb4d078196923d608eb903a17e0c0ed,633
0xcb19fa40f009aeaa0e2182ec4480547e9de065fe,634
0x9b18b1675d2db48a2131fd1c33249e5106a81842,635
0x7031730eb7cca6ac4c89c77b0444c22a78325967,636
0xed0fd1be60c75d8d59a7bbb352dc626678c724c7,637
0x6acc9a6876739e9190d06463196e27b6d37405c6,638
0xd53096b3cf64d4739bb774e0f055653e7f2cd710,639
0xbb50599741752d6a54e9bd139bd239ae8c833013,640
0xfecec2a04af199e5942bfc8ee874f5fe43ece0d3,641
0x6db0cc76454226d7cfa9255e3c125005ffecc0b9,642
0xc7ec5168e171eb2b807bfd78e95c1dcda19796d9,643
0x4dcd9e206744308532e1cb6485602c58b3c10c0e,644
0x3780e890a7435f5bb5e7c1b019d143f0a2177e58,645
0x5a8b5f07a9bd059d500c5a25ec3fe50eccfa0531,646
0x52fecbcf7d92934ef5d897293d428b234b9bc267,647
0x40dba4a7b388d9a5c129952c11d2395ac6704c6a,648
0x1d6c42f57fe58204fa6d6d2dcdc5a6df1a1e3ac8,649
0xbf6ec2fc6480df4ffa1767534fa32dbca281e572,650
0x3eab5cec4f2758bfabf198e90bfb5530f02c5d8c,651
0x859f5bb20aa1e4e44efddf1d45ecb40490374156,652
0x63fe2b5bcb3bc90a72328f6eb001b9f66837ac5c,653
0xeb70d83904464304f1eb7729d9d5501eb97f8e3b,654
0x2c20702a02e4c867283e8d639fdfd2a1501d9d35,655
0x45f798ebb2a42c44e648211077ec6ea37f69259a,656
0x91d050e1a0ee2423a35f2c7191f1c5405854ba99,657
0xdc3153c4a6bd1f8dfb76ec59e8ae4e7b1ca8f965,658
0xcab01dedaa9e87d03e5eff6dedab9ad98298ccc6,659
0x00775af854b1d0b6c50cc58c35258fdec9732508,660
0xa72cd306bd6bc58922dcfed48cb1474f323860a9,661
0xe4dd8d18ea2f0c5c33e77de90acfaf22c2792f63,662
0x8eb90feca1c2576afaba4e918cfc8a9320b68db8,663
0xc833e49ac9d0315778d616cbb583a8b1b3bf2d73,664
0x3b3b40e24e8a21ce889320f75508e5b1308d296d,665
0x603ee4c455cc33510a230dada140a91be251e999,666
0x24299714c4ddbc20fc98ec21f89c03712033c30f,667
0x7887436576949b0210960dc48a4e8ff8b2d9ed5b,668
0xe94364dce7d81927a17138f36de5a99b2d36eb75,669
0x080266b68239066f2e37bb5a37d11be001a9b481,670
0xd6bea6cea3c3092dec2929f0a984db7975b1d3b8,671
0x76116125ab9673b37141b1603e6c5e70d9d8b1ab,672
0xd38b3f9b9bc9ce28daa138617df83c2befd91ba9,673
0x3c7771db7f343b79003e8c9ba787bbe47764ed05,674
0x04f899296683cf074fc22b15b3c35158416f8225,675
0xd2f58b1d06905aa6d811984c9a6effe80bbd9c73,676
0x33019e6a3330ae5ab01f77b9169e351bae8c44de,677
0xc630a71b2dfbcc621affd33257132b50adbe1cd0,678
0x8646f1981b309eb41ce1d12cdc266372d1455f56,679
0xf5445d860e541ac8a9b04da3f27850fc62fa305d,680
0xfc7e48742a29d5c995f4315169e60f148fdf83b4,681
0x0224a7c012813ba6e71ef5d83bcac0bcd89b73c0,682
0x9fa79803d69845e8222951eedb95931fbeb905d7,683
0x1fadcc65902dd618d3a34510cbb375bbf5b8fd3b,684
0x057042d286657769cf4b6bd5b79b5a2f106f9824,685
0x00a159d41a5bc12dce2f8aca8e5bb5beb8f6abc8,686
0x17c7d136bdfc4371f989076bb3842be2e73c3ec1,687
0x8f6fcb46ec7ee3d16b746ddeb905ba939b48d88e,688
0x7bebae89fbd16116bba4f51b0ab04f09ef7746d9,689
0xd0b4fc8908d9ca2dcee93fbbc59c9f20ae493384,690
0xfe524fd798214da833fc1b92cf388082dd6bee4a,691
0x3e98e4813c123df0b99e6d32c5022c64f53810e3,692
0x0a7f1e48c7596fb1937c4267d2be326d41bce08c,693
0x2579236f0005026395770c223fcd2fba46124dc0,694
0x13fe4cfe98096cd8af740646c419ec6edb4a33b1,695
0x5b4ce9e9f2baaae022731c4b5fce8ff67daf23b2,696
0xa807a9f2b0321bcdeab7d0a7517e857dd820efd7,697
0x53d9fd88fb800eb74ad5c2a0485598c5d5008e6a,698
0x1247f017d6024300fd72c20d639e1632440db96f,699
0xdac273cd7213f4e0c812cfa4f0d1b70bbb4bf515,700
0x404bf6720abc894aff4ba13c83dda240ef651e40,701
0xba51bab0eaaa815d8eea851de97475bd4ce6130c,702
0xaa0c15204ffe1f343966c808e11736d313b5bf45,703
0xd2b0fb4a6c87c40c4b0d6d6b81e0f2db9d45df3e,704
0x59bf02274ab7989ec15a6bd7dc9557e8335aa921,705
0xaf72e3ce56131a9c1a6831b2f0789eb07c962292,706
0xb6bd663be8f8cc8e6cb9fa8b139237116bb6b867,707
0xac5d6092b3a2eef3215f32aace52fddbc22a97ed,708
0xf5c939673a6b32c097952b6a04cacbb07ad0447d,709
0x436bfe4380f2ce5535345e430d1d24849ac0d069,710
0x72dd318808df5218b947cebc4585ee3c6d236387,711
0xed53c13d0118ddca8afe4b53360122ae63bb84b2,712
0x92b58a1a15f2f958fd272f41f2f621c96fc7e513,713
0x1069c179f8353272cfe303d6cbb0a28b88539a3d,714
0x6ff93b4b46b41c0c3c9baee01c255d3b4675963d,715
0xb7fe6fffe16e4ac964b85582919a9ed11101d355,716
0x72149835c66741c839b222b38350645a13a835dd,717
0x7d3a300b6bf20f76c834f5f071612569963ea1a0,718
0x661a298f49e4f767fed2405f1028b3cc5c4cd087,719
0x947177ca246db7d71b9e17e352a2c2d315b7da05,720
0xf565c54518cc0f2f4312e0db201429ca6b71a10d,721
0xc34f13841c151172eb2c674c371bd657b35f72b9,722
0x3eb4d16b5328c3d3da71f8108e3d9309437667ad,723
0x971939a77b0a40aa68f126722688f0e7931621ba,724
0xd67a2ab9e874379bfe3ece3fabf6692a5ab036f9,725
0x6e79558453a083917af685793f29b424831b9f1f,726
0xbaa4486fcc591476deb040377838b1b818b1cdfd,727
0x5e463239de79445ef4eb8da9fcba4cad0a7f7a13,728
0x634d69b486bfca7622ae01d7b23c91fd240cc21a,729
0x64fc3ef62ecb096bd3a889149f9699e00809ec20,730
0xfcf76ece92a519911bd1c67416d786a52db6a176,731
0xd4a30026a3f3a9e871327083a7155b94cb70c00b,732
0x3a360d9e2919714547623e4bc9504242b816d2d8,733
0x61e0e77ee092b87c7263ddab79bd92dca709180a,734
0x9b727b8c8c529f997f7e9833009eae7c2e7abfd6,735
0x9e88b2d1170fceaee8db14dd1e1e5a7dd398afbd,736
0xd3b727dc4f38f9fcd2059ca2cb1b3451a20206a9,737
0xfc30a6c6d1d61f0027556ed25a670345ab39d0cb,738
0xd95f00d25b226b09e0a387bf35823c027501d750,739
0x0569cd9b96707320bc9f5c32588a9b46f8677ffd,740
0x5128ca19162d9e18ffd4186ea67a46430cc856ba,741
0x79db023abf65d2d7099ec15bc5bfa080d33381ed,742
0xd05c3edae3e0c8e7f8ef32d9a066a5d45dd00180,743
0xbe1f4a662fbd97cb87fc4b89ab933b42389f550d,744
0xa10997473c58274cf47f581fe61d56c3cb30a678,745
0x17dfa34fe5df7481a09464bca531c7522fb075db,746
0xa2e567a83cf42d03b68c1c92b1f2cd44f016e16a,747
0xdb495f164aabea3471503db6c6963c405da38bc2,748
0x9af20ac9fbfb99e71773c6727ffecd746a664af2,749
0x01957911244e546ce519fbac6f798958fafadb41,750
0xb49180d443dc4ca6028de0031ac09337891fd8ce,751
0x925cb029855e39fe3b9eef519588b59b920f40c9,752
0x27fd4b19cb8376d219661b0f20eafba34d39cc5e,753
0xe9003edee4ec79d59e8cfbd8fb4d8fae3a02419d,754
0x39cdee35b3b5941e9333b30a46183d9b29ffeaf5,755
0x10dc1790a887511f4dd01ca5b742ae13ec4da321,756
0x7350ad6781c55e6748422d9d860fb884e68414e4,757
0xf1f1bd7a2ffd8bd63149f8526140c0fb61ea2df7,758
0xe0a7080052a3768a75454abe3a2d1ea1f6270330,759
0x64d8790731b73a8c4c4b4b8d0484020f96e2a91d,760
0x4376ea861abe27330447717024e9f3d62cda2b7d,761
0x3af23a37323f3b95a961df5af4a2a6377bbce2e3,762
0xa9340192a30a64978cd8dc131071ce66019d50fc,763
0x1ca51e9cb2ceeccc739124628d91816011138ce4,764
0x8ec0d0bbce4349e2d34586e2de392caa73532d3f,765
0x28be24269b34bef64efedf34db404d42a3761aef,766
0x298ee532b4b39067e765072091200d1bad4c4fdc,767
0xd4c86a3ef9809d3a1f8a4426d1be53ccf8ca64d5,768
0x8a815db6fb6234d54011b699ca731681ec503d92,769
0x407a0de2c94eff0e00d25cc7722d573574cf3873,770
0xa0ba08ef876e28216d7f5a3864d0b7cbd71aa8f9,771
0xde9a7ffd1e8fbdaea1e71466b82b09334816be60,772
0x64f5e29c60f833a6432fe818dae1f653e1de9071,773
0x7eb1c839d7b5009799eb19c1724679f90dc0a612,774
0xb4f2d6791bf8cb179a73655543598fa8078a9104,775
0x61048507a78b892b9f7a071742d28bcb9275bf29,776
0xfec5512e933d648b698d9f46e9e6ba1c906ef499,777
0x373c860af86025e3366c8550743031bb9cea3e6b,778
0xd5babb9f28a9e7c78735c9c955d5626159f1be70,779
0x047d62cd115b6980a0aff81df7d72a6f3c70591b,780
0x61d2046711ac6d16476d64b6c04a4608bfb1e302,781
0xf27161fc8863da1e9e9d9ac4da954261c6a0d08c,782
0xeb8042cd85e8252ad774b6a3ab4571815916d713,783
0xe28abcc564e455e52e9aeb68a0bf9b46101d92de,784
0x457f52f950c6805409cddccdb075222ce4471dfa,785
0xd318a3e384107afdc24d9bf639348868cb44d75e,786
0x884d5a84f9bc8f3b27f43ce0a8b0e095c602c1f1,787
0xd86c1fc8ce98d66d754a1a9f34fda5ecdf9b3514,788
0x67be6af3f400627479473ebbd833573efc9419c6,789
0xb305099566faef5a6a57ee636157a6a70494532d,790
0xedf619865c8303e591ad2c4b373aae82997b337a,791
0x186a2f041d39dab545c03c84cf3daaffcb1420bb,792
0x584e3f9d920c29ce0ed0504be63977caa6e92c3f,793
0x423c99bf22b55cf2700de33dad5324b533de5018,794
0x7aa805764c28ef8c521486396362e6045ece17a5,795
0xa941cb59021df93bdcc105bbc12418e88dc373ea,796
0xd492667f9a54cc49bbc5d059d4b08089bd6bed84,797
0x8a76fd454cfec4f194ff3566a05676218e9b974b,798
0xc8c8a439a7cc8aba33d394ad2bd25aae228aedfa,799
0xd0683f5a03634699e161cd8056baa98defc1f4ef,800
0x9339c6a7064475f6c8f9de62f3a34eb47d8b4283,801
0xd823b4aca364cb6505f3147d5fc73b2a937f787e,802
0x024eee5379225279eb637616355b91e1df131a22,803
0x9eea571747400b37a85ae5f17957e64b82777510,804
0xa126dae855d4f02877db55f86a3f66742461c796,805
0x208028f28d0aab312f69a0a1d6f6ab5cd0fe7632,806
0x021c1b39dd4122ec5e3f0f3cae7f91ece1b1db97,807
0x85ced368bd807df73882278feebdf50e38fc02ba,808
0xb6552cc4e86ecc4f440eea6c5af6e1ea946d8792,809
0x963e2ac36a5fb889585690b26ccb3032407d31c0,810
0xeda5b45127857fc3bc487100434092d9396da199,811
0x346de03fef4c5a84d36bd589d0b226a42f00212a,812
0x4f602ad0f56907466451243083266dadce60cac6,813
0x8abf3035dbced1181ee2d3ffebe41a3fb69148aa,814
0xfc8ba967d47f659d6dfd71fb9b6bfb43e76e01d5,815
0x89f5ae2b342a0337975205fe58d5f69fd7b16341,816
0xc1ca2834db3d65e68bd258b3782118be7465936a,817
0x6d7fcbc870ffa63b19ccde6f47a8ec28e939fdea,818
0xb6866d5c5425e6aefaa8764db04cde50dbec5f8a,819
0x64037e627cdf03fc1f17ec46b18d59a072e6e612,820
0x28b908db0a32e561a40eab4bc1dc437ac0140ed2,821
0x151a089b3757e2f555374cf81602976d7bad56b0,822
0x5bb4da046b1f1a094a5d600b7c4617b1968eb6f1,823
0xbb8767b6f6992be46e7dec0b1e4a7da304ff3e16,824
0x67e2d03708351a9011342b805244379dd66d0997,825
0x67c854ecdfc74f2004116403eb5a6712651cd03a,826
0x6f7ff1690f64973fffc848f5cf101b446acb1c27,827
0x355e0e8d3d9132f91bf4891fba6b7e06bfd1f685,828
0xf9c83464421372e632fd335ce046425c2166abce,829
0x36517ccf7a16266de8b7cbd60db1f45a23f1eaf1,830
0x5abbfdd916a6510f5c1df5cb108cb06ee594b4d9,831
0x6b7fb9a41dc58ca460ac06032e35319c795be933,832
0xd8ebc7ddb6c356b2de247d90e68640c9c828d3a2,833
0x2c12be1863a7dac8e2ab92229a77b74632caeefe,834
0x221e34daec126d18674f9e4f4c053b56d0a813a1,835
0x289133989e9d21ec4e34dad9840c9fadbe4dfaa6,836
0xd82a1b174822778dfaa385529468577b700749a1,837
0x8455ebb9aee534f30ca98db1c46fc25a4f6ce8e5,838
0x685308c340f91faea1b9263b2ebb9e71fc9a751d,839
0x96572c145ebbb3f9a6c958f2bbe233ede2af4b1f,840
0x6c07390f360f3e2aa32f3a78dbcf1aebbce15181,841
0x2032db42a726714db090cb1310ecdbb137d829a2,842
0x1194e966965418c7d73a42cceeb254d875860356,843
0xa7032f1ece28fe4b3cf2cab0166be46e053421fa,844
0x19e3348046ecfc9d3c5c2d13602bac5fa06edde8,845
0x4b2432a8d53d13a43d416e45459b4755c7d60c7b,846
0xab3652fd492fbb0d6b63acb742f3ed12afbaef52,847
0x5e5c3dda30d93e64884548a7172d8e291f93ed34,848
0x1a9e1f48359180d68fea914a89aae397b921bca6,849
0xf2d850b176ddf0b6c1411d68ef96d2d8b7b0b480,850
0xfa10bb585dc00335209eeb968155e8bc667a471f,851
0x66bcc066cd0fe0074f3d18847795ef1b62b58f75,852
0xa5e554176b09d21dbcdce6ea060e810c6bb01865,853
0x2e40dbc8cd19d81363641a87b39f6274582b3547,854
0xcb4209f4ed2927811bfef7e37b794ebb2943defc,855
0x4b94fb373ec3a87f79f6de32ad730806020c94f1,856
0x2963fb5fb6381f4961668af9a42d23750944e682,857
0x35fa28ebcf232dba860e90d576c2501bc13364a7,858
0xccf9ff5530ee21f09ea62709a8792d26a0e4d097,859
0x23461271138deab7c9719a7a872de59709ebb581,860
0xfe8ad7dd2f564a877cc23feea6c0a9cc2e783715,861
0x74291ebd8ce14c760078caf0736570f217845b5d,862
0x2945e60678d76acc6178730488d1f00e7dbf5105,863
0x5df5d3c36e4760deed7cf4c230319c641141e8b2,864
0x293a6e5d0d85382bb1fb1319d952990c30d48133,865
0x03700a4e708bd03cb9ec8d36a21f9f9c5a11ed9a,866
0xf01d37496e1ad7f30bdc17f0dd55b7b19e53f767,867
0xa9ee35b9ceec2d3786f0e80ea903a4a955a856ee,868
0xcd92448428211dbc982bed72e20eb41fc8556a95,869
0x9518f3c5aa82dd101b012d052822fe0b339464d6,870
0xe75d1cd945838bd3db616e7a94cbdabc7eb69ac2,871
0x4a05abf6e8ac604abbd3be2c34ee6bcfaed0bb7b,872
0x247289a0b6836b5a399edae21876d87f0f189577,873
0x5b12101ae40c16aeb3cc6d2fc4c1974a6fdd6e97,874
0x053fe03f7f8930bcf63a3c8ad9b9828807d62220,875
0xbedd8ff329dcdde43744c467724a4b4778c2c4a3,876
0x89caa301cb3445c2f106bbba260204c08f85ebb7,877
0xd700bf3a5d3769e5ed092e15450e17420adde5bd,878
0x66c677bc64b81970d22667c417fa6c6910554198,879
0x85ec3ac9a1d6bf35ecca64bd95e3e9cb6993a3f4,880
0xe63579aa1cf4e4a3925028ce6c19d8257716b3d2,881
0xbfe67051fd94bdf71d0bb9dabc6fefac5d7961c5,882
0x81de58f244ba4df6292adc3e3991865cb17794cc,883
0x06bae1901fbf662f7092168084081740961b6a29,884
0x197df5cb5520a85d8ead385f681af7c8374b59e2,885
0xa2caca22509655e717a85b8efeafe5257bfc8960,886
0x31fae3443e8c7512e9305f67fce2d97bf7cc99e5,887
0xd1b69072cb7825d77e8afaf249df019300362719,888
0xb3d9dad52b884244b3f39e4909f942f3387ee6c7,889
0x7add52703e2a3ea96895966a6ec44b845f65807f,890
0x8a066f5fdebe409fc1939f515e19a281638891fb,891
0x17fb2a5de32229de4ee710e7d82f2d2c28a96ad5,892
0xc1d9be24114726b5d11ed7ef85c23ce22a083592,893
0x89967ec4054be6d6fa231122af5c11d993ec1408,894
0x396438b17d45f81a6d7d5b51dd3d4d4979552fac,895
0x86149a8bb900fd3e6d018d5431d3246d4004872c,896
0x7ea56a9c68e4e4951ad0004e9796861376e3237c,897
0x652d8551c179b5772d48afda7484488220b7e966,898
0x36956021e9423a9d4dc7501a637eaaf0077c8c8e,899
0xcc35aff01c95abfc2b9bbfb6de1c745ddcbdddc0,900
0x31a849ee16972b0b3409929bae3a63667e63025c,901
0x0b3fcb7b399e5209c662379826b06120880cd39d,902
0x2d1315c926956cc2c901d1e902c2c51873b7d44b,903
0x2c785fa15498fe27f1fc5f809bcd9c10c9481752,904
0x1f8914fd514804df9a99890f2ee34494ebcc49ca,905
0xb75daa586f86f4a87f10a4b64a61a92b5445184c,906
0xa7f25c76349a3dac00426d1e75ba43d1740998f2,907
0x2534c203368e12038ed1fd3aede823f59267450a,908
0x212ee0a5b703a99c0b3479d4cdfb2d2bc2f91fe0,909
0x9dae549354e8d62b5b266d690304c2745d7b2326,910
0x51b6b4f5b270fa093198a984c3fce5ea607a94e7,911
0x2955cecaf3b5fee1fcc4892071d648ff0af365ac,912
0x6e507851f802d086abd47958f74262d744c4ed24,913
0x03131e9dc0d42f57c92c3ae39e79a9abac75d9bb,914
0x0b8326e11ee252bf040a8aceea90ea29576b1b4d,915
0x8d4329b28c67a2aefd73516696295d9d51b2b433,916
0xa8eb8de7dacadfddcbebbc3ae0d1962aef9eff24,917
0x789a4eed0d3e4dcf3ff97e8c7e93ad00541ad355,918
0x596fda821065678b41e46dac8bb631d1b47979a4,919
0x4527c1959e00b97a6a5652c05413ce442af8b876,920
0x4189ef0b867883428cbfa6ca3a2bb7ef344845e6,921
0x1ec73eb2bab4a3fbc35997b0c3dff1a8c4076ece,922
0x48435d482e1392cc1ce46ca05f05ad0c823e4aff,923
0x0af4f9d05a98e6c4598f27fe1e0ef2975740a225,924
0x97719a28aba466170ecb9e6565fa9bf1d77abae1,925
0x0fdadf5a4f902f2e2700de01d22ce99c19f681c7,926
0xea51c9e6e5f7c6965955d24ad0900e7823256baa,927
0x676d901e34652feeb8dc975a8f833cc86cbe177a,928
0x97aa5c4df880979308c6067d28e369db45af4f26,929
0x21bfe38e5d0514d0c6d0f42faba47a26443d0085,930
0x2b2f10ebd18fe0c7560b74f68362c15ed2b61a25,931
0x77beac0aed3b9e75ee2aba60b3dec66ff47e96c2,932
0x9e0ae8ffd946d12d1d393c6f3bca0eecadc9428e,933
0x28ec0e36d175d5c910b137bacd26512a5747a7bd,934
0x9f3e1671d661bb2e6681bba5e961db1e1b020941,935
0x7628241972807dfdb40e51088c83697642d10920,936
0x4d498b18abcf83a15d3364d7419a4ef382982c7d,937
0x9c667b7ea8ac2a0cc7e73544625d692f72175489,938
0x682fd924d8314baab67a83ead0d81e7ad1e57dcd,939
0x3aa51da89c5d0e28104e73d34afdafb8d17e7b64,940
0x51533740df3d6a8f2d0cc3436b80bb96950b2db4,941
0x09e52e5ee4995aab99234f53f217f07ebb4c0d6c,942
0x2107dbf8409767efb9081d7b816301eec8ba4dfc,943
0x991c5b56fffb2e45444b5fc5be9304ac9576849b,944
0x2f0c410b5578ec1bb1a9cd659e79f9b74283664a,945
0x45f4054e7384d9c4b5be63d3927d9b7d18781fdc,946
0x9ce818b623b8bdd0083cdbdd2c2f1687e93b0607,947
0xd4aeb4dae862dad5bda0a294a2c60c17158bdc54,948
0x52c6b42c37818ee7d562b52396685710b19801ec,949
0xf4eced2f682ce333f96f2d8966c613ded8fc95dd,950
0x2dfdb43251cc86add5439819c6b92b0b1084c9b7,951
0x3c531591cb807e01404574076f429d205f5ee981,952
0xfe9e3fd5624dee0026d79910fd46879098ebfb12,953
0x66bf4c89d768135df692d16bc058ff84886564c7,954
0x21748fb7cf936666f1b826f67fa61f265d29d42c,955
0x6e63edb0b188d9b3c1b359816de8cee9c20ce6c0,956
0x616131d1281ba6d985b28095f4616072a4c102bb,957
0x6293c0740e6897ba3faa7fda86b9342ccbce952a,958
0x0945a548467329e7d8603bee6dc55feb1af84349,959
0x06b8675a807e06d0d0b232f3c96d0a9a71ff5336,960
0x6b421bcc7edb46bf2643358a0dbe7b1d1d1622b0,961
0x677c62d0d072b5dfc91124b4de03152d88295df4,962
0x6fce66f0094f8e95fe779561daa00d04eec827fb,963
0xe671b8acf6acd77ec885efa7e3c93be05e887407,964
0xec83977c306782c538bb7355dd0ca1cdb1c7d033,965
0x9876a526f4cfa2fb575ae22448c1f558fff188f4,966
0x3ec9fbcee0b72472ef05ae3ed4960cb41ec02634,967
0xe291a9e17fd310b860f665dbdd8375144bdd6ecd,968
0x45e436635bb453e9e7d44a313cb74363fd148fe2,969
0x66c67a9e26f5f1bf04c0e8797a4ae2f01db5785a,970
0x4f4b7a6f1b51a898890286d01d62ea2ba5cbcb05,971
0x379228b30d174cc731f6b503db4fbb0729a93e9c,972
0xc7333785c28d3c932450372aefb7796e1262f929,973
0x83e3bd2f7c7859d12819d7616bace1ef79302bae,974
0xcca03cbfef0332c7d29cc89a6ac31c1a815523f2,975
0xbd6328e05330543969609822a863d5fc18513bb1,976
0xf9da1908cc2280578b2639e3a4576dc77624868b,977
0x43c1494ac85795f4635bb137108c07674bdd0025,978
0xf66edd083d591149a5c4753423c51c318ff19187,979
0x8b8506bcedc81fee679507718787022e7900f2e9,980
0xe34f9224922a7bcaa25d583ef9ee896837df9aab,981
0xf70f06658c7878a3ab2c5ba487947ea6cd634298,982
0x9c94d7fa3a2dd6dd1d5d0f8205a9991068dde938,983
0x6eeae97c5d77e30746ab1435a178bc71a99cef14,984
0x73664807e60ca9cdd775a2b8d2ce32679bae0acc,985
0x26d06ad5e3ae1bf96885f5561cf931a7e9a948a1,986
0x87d68bbca28b70dacb031455bb380ae06518b629,987
0x6b9f9353c2a9d83054d3e508517f2d002f07f0bc,988
0xed9c3aead241f6fd8e6b6951e29c3dcb5b3662c1,989
0x5bab0c887d89a2703a770c6a41feeb103a484676,990
0x6e859be3fef84986cad5a15faddd2068771c3a9c,991
0x71dd2138ea8ccc265c8839479ceb324617c323ba,992
0x1930f984f3145ae2d903d0781e95a866eaf393cb,993
0x285b28d0c11c5bd3a039f3c26c887e2f8f177dc6,994
0x678e5261b8ddcef5dfdbc4c4087b57e5692551d1,995
0x4f5bb41e994acfd84aa1389089bd87fa3bbac939,996
0x68501292e24496325b4caeee7b6b0c2d787f0f0d,997
0x050a05eccbcecdee300364bc34ef9ed464700fe1,998
0xfd81e47f7873b69fa2bb1acfce9f58ddcace0ae5,999
0xfdd281a3f8f5f174adb259ae6a39070c6ed43a55,1000
0x6076cc7a1bffdd0b3d54b8cfbb90739738d19c43,1001
0x823a9f0f22d92b9a56c90540c98184e31ebbaa37,1002
0xe8efdc5e8096b8dec04edd45e2098fe85b35742d,1003
0xbffcd3a8e2afa3e71c7205ecc36b858acb42be44,1004
0xf9bed234e9a17c684f72016a48022c5d5a2511f7,1005
0xd1592f85d837058ebe3cb2b172c78d1ea76ae3de,1006
0x5bf4644e8a69b2f6b78684d262ba05afbe55a343,1007
0x5acc762b479be5eea52b63a6330424861901c690,1008
0x59f2146c2fabf7e65c085ea6a2c32739d595176c,1009
0x59a235d8bd3d0225fb4420dfd765a0b2c16af6f8,1010
0xd39aa5c0f0e56fda416fbd2e194a0f478b3849ea,1011
0xd487330d6a2e5c88e8eaa8e7cb52efef611dc826,1012
0x7e5aeff3e8edd1d91b7cc13e6d95ebd8bc7c1906,1013
0x03ff099fc2c9b21192bc2c82f19a3e57d9bb457a,1014
0x3e1864dd3e8beecdce61e2b9af676bc92d38db11,1015
0xa43d2b0aad0aebf2a06be7b6d344f82dda2406a8,1016
0x6151b4e4e2a1bbc55c3ab8c4785d703d89019ac4,1017
0x351db515fc6b507fce74bea7afdca52ceea8f8a8,1018
0xefa1ec09e6fb7e395437694996002cd87138c874,1019
0xfa0b6fb10ff7eb604f1de7194e1ab1891d29169d,1020
0x33ca8b5377c9776eb59863fb63814dc00a5cb10d,1021
0x7d0a088a7c483cbd5f7c352ffb43ef37db1fd14e,1022
0x6f13e4b1182935de0e7bb53839d1d13c9a078c47,1023
0xb2d095c02bda57af9474619f8d2a19c965c25baf,1024
0x79ed83eba1e2b91dd4e584dc255e2edeedbb2a04,1025
0x1f4d9ed5a91059e29c68dbdef6d0d727d0f0d568,1026
0x64674e1c45b026c9e2aaf381d73da59206714a25,1027
0x6044364bd39bb3422370ea2428eea861b18ac7dc,1028
0x769b01d0ec60142b8801aa4c2ae570cb1711a590,1029
0xbe8a1474198b91ac72972b863c8f6b950b731acd,1030
0xde614aeb7fd9247caa2903c507ec7c22b8812b2e,1031
0x64a68faa0e3cf84c628d5b55a8ddcb4846b98c0a,1032
0xceb5b872db943553a3c2c8a826ded7fab74dbad5,1033
0xcb327b5e4872e77ae5add5aab2dbef10e8db1cba,1034
0xb8af70f84bfda39ccb2858f4fc54eca1b63dd519,1035
0xbfe917ae798252c43b970c40105812b1130e2f3f,1036
0xfa96ce2aebd6660206e4c3ee12bcfe6e5afa5a5d,1037
0x6191479a7b231123bb0a1d7408eaeb76a059a91a,1038
0x4e96c7985c2f260ae9fdd12fd7f78364f16af2ce,1039
0x0ad47c46f923117d1938465b7fd6c926cae697f2,1040
0x799d4c1ccd4ff232d31e985408c2d5512c54fd67,1041
0xf099922246cc8875611ce130dfe54da3dd806914,1042
0x2ebe99770c547b284c9d58ae7873f8f41827e1e7,1043
0x4cdeb9c35067e50d5ee86bf2046140bb66738a1c,1044
0x4ce6faa7e6635791fdd10242bd67a5ef0e2fe1cf,1045
0xee789dca10f6dafc49932d03c39feb788a0a3714,1046
0xa6dc419dd67272cf50979e2a17df6c7e3a531fad,1047
0x28dc007b0a25f0272a9098873374823e507b6c08,1048
0x2716f52bdcf40e4b341c34ed9102e893d9538513,1049
0x09f0579143a5503dacbcb4845ef0bed9706f969a,1050
0xf1142db602f0c2c5ea78c6fe0d183b635f4bec90,1051
0x6aee5ab43e6df64519b560a64c3dfc4aaeee13da,1052
0x1d5db15a58e7c35590711ee5420e346c68b42680,1053
0xba814f61c6db6b905ff0a7556db9f888ffefa25a,1054
0x527e1d33e79c8a451e9daa481fc440721a7c8864,1055
0x2edd12085fd05c990f9dbd74b152c8d5bb8d2aa8,1056
0xa8b9f9da3d0b02ff45367e5e4588e9564215582d,1057
0xb62d7b6d08a2ccf22d0563716360f2ce3d0f949f,1058
0x7ff073dd807c071a843573c2e88093daea728346,1059
0x2b4695c0160b3ae44e8b4cf59104c16d7b187b98,1060
0x3c56e20014d6707ccf75c0ad477a8ab712d4c9ec,1061
0xf387f71c535d44e412596a953dd09e242c81fccc,1062
0x3ec738d2aa4ad9542c351d40bb6023838376fda2,1063
0x3889e262ccae69f4120fab21d1108e81c1fb03bc,1064
0x638431b1dd24ebe5cbf6ce9bc0fd1d358ac8a87a,1065
0x774a0d8005dcf264214d396fe36361667a20da3b,1066
0xdd5cba1ab0cea166f4850bb2b5a69d939f02807e,1067
0x22982da02f22d7f5f8eabda2143948600bb814f0,1068
0x024426ed156142bfe24f54fad7a26625e8942dd9,1069
0x329219be8810602a59b76df9ed7d52dc3afc3e8b,1070
0x727c8217b0005e3e5362103bd80976f6fd3bb99d,1071
0xd3accf86ecad38e649d9c4e7bbc4a94fb19ff1be,1072
0x3c89e31240adc6d705a89a2a70e89c38455bb3be,1073
0xdd604a816f338b24e5b08c3d218bd9d081d1a1b7,1074
0x5d4d0af97507cf1a0085f7b6b41a77c0d811c9d6,1075
0x480d57dbf6c3b49916b9325e2c5ed92401c54efc,1076
0x62b1d472503bf10136b51500d49eb36e4d34edde,1077
0x68ade575323c1d8f719e1802109e1cae95f65a37,1078
0x714031803aaa4aaef57b5eeef3de40b6448478bf,1079
0x81e4c09f8d140521e2265b42d99fc2fb868a5b14,1080
0xebba30ddd6cf69cfd9cc1ae287413df9d5c2fd44,1081
0x1b284a9d27dcbfc33a3ceb12e13d8c64eea9d9e2,1082
0x88d096752867b5bb68113cbdca69be005e493d67,1083
0x4bbae6d13c50169f50dbacfb942bac728a0650ef,1084
0x242816756d627dc42b8d5afb13384ff45bea6d41,1085
0x2838ed0455cb1ef8cc3e57169d115eb4b43abe06,1086
0xe3fb43497f9f9e0f6a726297de21da53024d61a5,1087
0xf3b48bc1050c44f656a78ad7b3f41469fcab9922,1088
0x53d6c707246fa270ed814edbfb2bac7f184afd29,1089
0xe61f8d612bf760c76a17e72f6de2a09c7cd6792f,1090
0xdb0562eddd65e41055071e0dd891039d9e231cfc,1091
0x37ec16697646cd002ef6ef286c4cdad2bcd12ac2,1092
0xcd2680717261f91439e1ff42c8a0fdc0364700cb,1093
0xce639749ec9b94cb9842e57766a9b8bf4d5ef17c,1094
0x8d60bf322868a6716e7f971f3f164ba53551345e,1095
0x63ccc73d0cbf09ead66a5dfb826a60b6fe225654,1096
0x8465dac1172b6abe303bead4d06125aed72ea01c,1097
0xade8dee345c714c30313c1a78b32f07b284284ea,1098
0xd82b7b92e83da7413bdd69c5bed11151247abcb9,1099
0x99184a404d9bb4ad2b399f222a6352c28add0c9f,1100
0x4d41ace3ca52a095dea76e249d17c157eaa84e2f,1101
0x1d9d6b70b64ddef36c195a03b5d092f2aa0aa125,1102
0xd2f06b96b41a6cbd916e3e762e837193ac74e89b,1103
0x840d919179c775a61cd362b33c2aa86249912541,1104
0xef73c11049c526245935983c44d8d98682bf11c7,1105
0xabf92b115ec5dab9a496b1c1fa2ec04d5d61904f,1106
0x71d4aa4c7e335edbe36234f11f0492dc12e0ce5c,1107
0xf7de00df5b962993a5803159680acf2738fc66e4,1108
0x9eae7c8969e6cf1e0932a29b558648e571b0a6ff,1109
0x703d3509ebe23b639b24ce073712a636c2e2580b,1110
0x1bbb54a4b409b25d7bcc78e30e5e90689e3b4912,1111
0x87ff58c65c792fbf8243ed0048b0a9ff9a19dd3f,1112
0xc068d745d8274109c31756bbfe1c18e84e0f10d7,1113
0x477e9b642a72ac820cbf03edc0db0323d5c3b7d2,1114
0x1c7d4424a75c56a1cfe2d3781421d779f37c8c89,1115
0xf21724bf76e65278c4f883d183653338736fbf93,1116
0x7c889944ddb90d7dcf09a4f115128e6b920f22dc,1117
0x1537ed20e43f8d8482cf5772ecec7db341b7309f,1118
0x4f7d0db3a8f2d7e2e7938e0b94961f743b0a7dd2,1119
0xdf0319747975b3afcc855e8c05ca03c1ef2b212a,1120
0xf26e0fab4e7ef9e73be44790c0a5c56b556857ed,1121
0x9dfb24cf9ef6b885a7d130b5a92002985954b8e6,1122
0x56b639fab406a3e5cc4c7dadc628547d816a40f6,1123
0x6d4fe605bed11bed704554ab136d5ae4eab2fb85,1124
0xc5f65f7ba2cb76dd76da3e7ba1122516eeba8f1b,1125
0xc02bd656b8fb41364a2922841163412991ec6e17,1126
0xfe13d43e91aeb18ed6b60c2cc97b81f76cf1d6bd,1127
0x82b233ad963adfb3b7497e505ad8195d6a91fa19,1128
0xbd953787e739446c900ead66f491a33b37934892,1129
0x73337d7c3d3bc52a25dad185ab1d8dcda50d2f95,1130
0x3d2aee8e18f68f6d6f14a6e8902a65c30648ca66,1131
0x20662c700899359ec95648643e8b83cec0915c8e,1132
0x946b1317a3a6ee1d61cd64fe833a3ea8feb55729,1133
0x4ffe12efb30bbe70a807cc453cd1dbbdb8030132,1134
0xb2414e476f98c585b28692a9503e0a5e4ee6b831,1135
0x64bd1917c758f93f0455635bda3554e8210f0a4c,1136
0xf52a91797924bbc24d6b42b5057e734b41a3fb8a,1137
0x36b7e08108fe5840f125f12bad33b4170d97a530,1138
0x4fd1c530f73ddfff5c609a4a8b25af6ca489d1fd,1139
0xe117b006e191c7ed35d6e114ae3615ca64763139,1140
0x99b9ec4c26e627d0fad0101433d49746ec48d9f6,1141
0x61c5e2a298f40dbb2adee3b27c584adad6833bac,1142
0x6386315cb57c9fd19d979f7a3537926a11fe1d9d,1143
0x02367b528b90b49f1b28c686fd5970ed9cb328b7,1144
0x3a06ff369ce59cf83b68d0c8c0cb32e63dfd17c0,1145
0x3d473af3e6ce45183c781b414e8a9edcb8b26f72,1146
0x94501ff386c3e84cb8fe37924daa869151417e55,1147
0x8f502872bb4aa39c42b8ed3cd42a3b7be1cf39d5,1148
0x57f7dc10bfe2152f1a087994b29c2599723b9921,1149
0x131e9a85db6f0f89761867075df0b8cec1c442ad,1150
0x3e8e5297bd26ad5f0b2f77c17a97ae1d54e38535,1151
0x361977d0ae7705aea4ee0d1b9c4b32d9d46f3ec1,1152
0x3025cb17ff79e731e8786af0bf08ac611f530b2a,1153
0xbf35faa9c265baf50c9cff8c389c363b05753275,1154
0x0ece7490dfb644038ae0e11b73552a21305d0a83,1155
0x122a249a40122e166ec9580bb7aa548e56053076,1156
0x1130547436810db920fa73681c946fea15e9b758,1157
0xd108de26e75bfba764641357436621a5b2ba7ecc,1158
0xb08ad6a44a8a212e35abf701fa3e5264849da926,1159
0xe63dd84879fa507b0e7760d8d86fc6453894f4bd,1160
0x947e01616506014405421f209e53174c66e14691,1161
0xed7ffb5cbf356d2582658f7c0fb012200bdcc594,1162
0xbb009ee2047cfd6606b9d2b62a2573d1f15ee052,1163
0x292b4bdbc46c7473b80748d0dd72e260a72da992,1164
0x7e75db9924db5be7e2cd809261fec433490ba8c7,1165
0x864e1977545ea972308f0c8467ebf1126b08456e,1166
0xe2d560cc321a4e09e182693d45a3836ffd27a1bd,1167
0xf93c43acb503613b7e5fd726517ea1e6d99af36c,1168
0xa89f5d5b638c495069fab0b99f67435bbc739c73,1169
0x4435176144983a399687c40763cf14754421db1b,1170
0x1c523996cb7cb5b0a4a48d8097e45093626b23f0,1171
0xa28105252abdfea929c76489360f5f71df1b33d9,1172
0xf8daf786866e009abdff51187da9213f80364324,1173
0x0f8df84b91902100260111b21b02759219358d4f,1174
0x36290e3f7c0e074a9e80cd6eb2f36b77411c19d7,1175
0x7188fd672051bbfe33de34e4f0cbe92524a8d0b7,1176
0xff052676377e0a14e5b27a641a0ade3e336b7423,1177
0x8a6d49f95b4dd63fdd92ba74de5f34bc69050b21,1178
0x3269b0bf206f21389f7eaade5d70f11e72b45723,1179
0x4e9eef15bafeb50b095fbf8f0ba9be16f5c5d0a4,1180
0xe37f0aa3e47a4c28666c2624d16194836d7a51a1,1181
0xa34323e20841cfcb52725cf20499c800f15e025a,1182
0x68d251213b820400ff83a7d07f89e054ad013314,1183
0x70d9df7139338dee5bd9931024b2a6696e1e967d,1184
0x4183e5e1d5ac363720cec6dd0d43307a280c00df,1185
0x98b5e3c2166e34a939f940f54ba421cc45096f79,1186
0x235735225df373b88dbd42b009d4bb3e7d0ac1c7,1187
0x77e236063b3efa85324e4b942ef11a0b65a155c9,1188
0xe4102f3d0a2310edc9c15949e949a9d57f0db526,1189
0xa414fc4f405eb48c5989c1b8c0dac08a8677be40,1190
0xdb0a055947b16ab2f96da3d90c995489594a62d8,1191
0xb6ba1ac9011fcd9e0d5b82c893971fe4f89c92bc,1192
0xc241bb5f22dbce6d6f00b82ebae31d1aad133954,1193
0xa6dcbb87352629d84137a1ff384f877769239c12,1194
0xb7ec9c6470169ea12075ca4fc23d132a345d17d9,1195
0x9611d9df6a56e3708f2093f08095f33922b59c4a,1196
0x14fea711dca8fcea6be47e14ea1406384f18c7cc,1197
0x02820e4bee488c40f7455fdca53125565148708f,1198
0x4a46d134083ac298ac4f43ffbc87943f742bdd2d,1199
0xb5277ae92a19222ff195019a6f362e07554c36a3,1200
0x3a0aeee3d335fc256ef70626faf66f5e43605254,1201
0x8d554c6c1631e44706e502433f0f958287d9b8dc,1202
0x9858ef8b50a53e738deb9c038e58b554925783fd,1203
0xd98a6320bda73a3fa9a47d2fddfa1565d95b946a,1204
0x305231b55655f613ea7e7b293cb9d4ca38696253,1205
0x58174e9b3178074f83888b6147c1a7d2ced85c6f,1206
0x6b9172396f0a56c29c2e8e79fe0f38af9acecdb7,1207
0x45b9bb86b94aeff2d99632b43332cee84ff4d3ca,1208
0xa72f859f9c5d6bfcfe3b157049dd234e3fa5674c,1209
0xd32917cbfc36357a190eb77eeabc58c436fcfad9,1210
0xbf52c81ec009500b794cf45769297d7302d24773,1211
0x9fd883a19fb04ce1e6261dc68d799064e9b10564,1212
0x9cab51fc86bb1d39d1996879616b25d04d38c7d9,1213
0x56ddd319ecf532127be14adcd72bd40b4102efa8,1214
0xe4cb62478f8931e479f18ce5dc25a8b196198317,1215
0x4abc539ee0c73725256391bf0eb3fda72e8a59ad,1216
0x55ab2d58ae85b8a9ade7d7c3201d76b64cb01548,1217
0x957a1fa9deca64e4a92312f01a20b85df5929826,1218
0x210fe31af3871297503f4e46c6d1be8d2366fa2d,1219
0xc370681bfdf0408fa084f50853e141950e14ddc5,1220
0x82afa2c4a686af9344e929f9821f3e8c6e9293ab,1221
0xe8d6b2b4bc4591ce95766834bda599163ed38131,1222
0x6baa5f7bceba46f0f066041759cbc5d34fa21dac,1223
0xd8c9dc07a267f92f9a518b218b3f0e24414f2940,1224
0x418b25158a556ac70f07c85ff4b29d58078cf395,1225
0x33d9bacfaba600737bd0ac5d7c6203d9634559a7,1226
0x4a6d4960f71d3ff7e863066e49f48c9ac94354df,1227
0x2eb9041036fd3def4ffd63cdad89f5fd844d23f1,1228
0x27934f0e7db133f3c46d1f908d6bd9e80d558af0,1229
0xaa2035b83c9242e85475b6f792d923833b9f400d,1230
0x15070e7c856a686ee2ff425509e946dac8a63365,1231
0x1fd112c0f164f31fbabf05345e0cc1d59b6fb42f,1232
0x80b1ddb68e9203ce67860b29ffe876177a49f3d4,1233
0xf772c71f0f428591e1fc6a1ed6734a5aa4629c66,1234
0x0ec3977c1ac096ec3a3fca1b36cc03aa6f5734c4,1235
0x57794226cfbf70972203277bde51663f3bc52026,1236
0x1cdaa11961b7e49c8cf4ee6a4e5ebfb72704ac37,1237
0xdaed365c0581e5aaf4307f9f73e297bf3832ee55,1238
0x797b0dabe4ee79604677a64854194f77c57e4e7b,1239
0x07144ddfb235f97d52bd1c7dee8446b5a27aeb54,1240
0xa48e734bb32cf0c9596211dc11503f5a7d1a446b,1241
0x8c80e1d75b0aa059256d9d6524b4637f8d2efaf5,1242
0x7f1d234e281ff8421b2b0650a9b8f85b5d73bd59,1243
0x67ab975a10f1eb47d0c633c5a4c7f8365863dfb2,1244
0xef04af5cc0c757621e4d5286bffb8869159ddad3,1245
0xc84704e0046f345e20c978f8c822f461d4b6ed7a,1246
0xd9c8ce498cc5c27d7155835c54b51188ab2ba87a,1247
0x9e429eedace43fc4b9ffda2a874f44619d588928,1248
0x1a9a9bf355aa73ef7adb9d4244843da7b7710b8c,1249
0x4d2e804e13507870a967e8fbd0f184818014bd2c,1250
0x63990ffd8133cdc5b202eef18c52ef05f6c87843,1251
0x1494b9f0b7a868fa89acd2bb5cc14f1cce8ce196,1252
0x8df8754a95beb0edc39bbc1c57d545f5649430d9,1253
0xc634a6b0375d5554116900d0b40a06c2c022f17e,1254
0xd2826004ee7c528bc50bdcecbd22226c0a754722,1255
0xab2b86d5c189fd0df100b67e29f203b0cfe41a22,1256
0x7559d08c01f80014220dcdfdbfc943519fe8a3a6,1257
0x0df26166cde1165ce381df3c107d6008143cd54c,1258
0x7fb091d48426f54f6fb8d1a43f8e33f80454f4e3,1259
0x19df848c0e45e0ff7c2a78c173fd80afb195278a,1260
0x8be1aa3a89483d039b9e29229b4ff2d259445222,1261
0x473250a57f1b40be3295baae25a2e8fbe734ba12,1262
0xe5b7cddd830dd95f389066b6ebd4f8122dc97a67,1263
0xff37fad17dc07c14126edb45f580bc51a67b719a,1264
0x5c5aee899e44088d2a9abae4ed5323f3402ef395,1265
0x209732a0b2f9074f055586ee1d18850f4b649ad3,1266
0x68b3b68264433f43d1fd7be9e43b29c01f3f2c14,1267
0x19e196a202650ed561698b11973f3c66d46761fe,1268
0xd293f486345f4b206b79daaaceeb49a33b731c23,1269
0x265c768e68feea0165c01f96c66919fca7dd9735,1270
0x3daf45483020b47db2685cfa883fc6d23dcb0d0d,1271
0x5b01049a0ab14048a35699a3b6ab56bd080103a4,1272
0x783955fd8a89ac83f593749885fd6b28cda9eaaa,1273
0x99acfcf5886515e74e796d477ce97894f388819b,1274
0x399017999b6b673dbd6d2e1711df2968e292b94a,1275
0xbfb1316ab1b8e9a2a39c1c96ad325ea80c9e041f,1276
0x84371523333eb6ed225fad032fe9f2a6f28fe48c,1277
0x389b4950318896f0268cbd97bd985efc88172e44,1278
0xc0439da70271a11b177c24b8e084bbc9771ed3bd,1279
0xd7bf4d5b179d3a08fa7b5d9eab6b9f0789a903d8,1280
0x3545cee43749805b1435338c9ceedf3ce1d8d985,1281
0x0ba686ea7a9691211c28eb1ab2ec62e2a795ae98,1282
0x758e18668c1024602fff556b82a553da4d80006d,1283
0x20f1b21f8553e2f807a7bc98a5bcdfb4b395bb4b,1284
0xc323ab6d736063eec05fb423b63084e084dc339c,1285
0xdc1409143ef09c5e901381be123afc1d8ad9cd55,1286
0x8d44d6cfff015f38c9f20369d47a4e35018634ac,1287
0x41f7601baa6d23580b93d8bff9be3ce08debb134,1288
0x950903fceef58af82bc8e54a512e7ced9b2b578d,1289
0x0f3ffdcf8ad0b145d895c93aae25db2534b0ba11,1290
0x4c5a1156f36c78c619bbcd53cbdac3bcb026ef2b,1291
0xb8aa37f4f99018fddccc85ba0c95e6cfe7f3f8b6,1292
0x863e08cbc70511fc03671b44e0fd173688c4899c,1293
0x96e0c2afab638daf858537aa096e97f4e252f5bf,1294
0x5f99d7ece6b00868103dab44ceeab57b9197edca,1295
0x4b1c37a02000e514ad21013cec07e1710eebe198,1296
0x490dd32c0dc2f35be0b32a33b6e7fa6c31c90857,1297
0x8c07de6cc4dd135b69a2b0b27a4b47f063901905,1298
0x159cfa31d239abe3f856ccf4999f98b81fe863bd,1299
0xf500ab9eb05a5942b1653d59edb9ef4f500c5805,1300
0x3f755d8d706e50a7251dfc0511b26d19ee156c78,1301
0x80e275a4ab1ea0b1a98a5eb8aea104f1bf110f44,1302
0x222d10da68103e0e953127b9e228eeea6eaef141,1303
0xceb4c5ceeadb7c047eb7a666b1e0d1fbc7b62b95,1304
0x997e414a7b42be67105a506745a03bc12c492f1d,1305
0xd0e0ca7bed009ec8a7911a264ab34425f012d604,1306
0x9452a6b62dedbd7ade7e121c2c1d7412873a7d16,1307
0x821399fba58ca66f15e4440d54392b355d592dcb,1308
0xb17cfc98fb8f91a27a9a33f96317ff3c050196ba,1309
0xbec795614eda3b5ccd2e32070b4ace745ce801c4,1310
0x6e83fb856033cf63c5e64ac2ee2a0dd508a8bd93,1311
0xae0e7c986cbb7492645919b7a21a5e78ccde8f71,1312
0x593f6c40023183a3b6c0811d2612c31c1aaec4e0,1313
0x839dc1ef89f9144f73ec335d949bbc31c5d783a6,1314
0x72b524df1e33daba934122eb3438dbfb3242af2f,1315
0xba704f0624df94551b26a38776b55762cd8e8a7d,1316
0x734b2777df8a21017d48385155e7669318bda36c,1317
0xc2822b283c74012d08888997cf66fadd1ca0b8c5,1318
0x87a7f66ac6731397565950e3a3063f59c3901a06,1319
0xdf1b687a99216ad4ebf9176983bf165be7b25bbe,1320
0xf8d6c35a3049e0a4d05e1fa20f1367e97daa707a,1321
0x7c5d3ac5749a36f537242f8f117752c8705c055c,1322
0x55a99538fd0b62b58f9793d6528d5c7753631122,1323
0x7aa73b556c0da8ca4e83e483d7404930e946473b,1324
0xdcc6842acec7d848e84d2d7bf6301274e617ab86,1325
0xb0fd7f6d853c9a7616a73fe24345b0d7def3febb,1326
0x05c5f9312251a9015e5733b327a25a2e8c2f5195,1327
0x60933e142c15808c96fa36a396e3e2823b794c88,1328
0x035df4043a85632407f77a7ce14aff53e09d1908,1329
0x2b4f40e66437a61d5d613ace26696c3646da1c5f,1330
0xd6ccd356cf3e0a3e90efe59d7051578504855df0,1331
0xbc57d8b41da52f586476ce49624c04725bce948e,1332
0xc954bd00745f8fd3c9cbe8cd2ec06c2379c7d475,1333
0x93e8f703c29337500d426549633f2be43d63a0fa,1334
0xc10d28a2f4063d24c0b0bb3ab1d4f076ac113787,1335
0x2a31114378a3093d29aa387bfe3829d9f1f4c2a8,1336
0x17368ba7a5e05d4204edc1692dc875fbacf90245,1337
0xe780d7c9bbc3f483cd24068a21c4d0abdb476253,1338
0x29599b97021154edee168420a5c64e818ee5660b,1339
0xd556dfbe9e74c376a0a24fc7b238c783a91ef33b,1340
0x6263996ee065d464b44c8cecde9238126db3577e,1341
0x5b19489c475178e68b7240563509a17ef7a77ebd,1342
0x1d4dad868292bfe796dc7bfa364ef1eef07ed061,1343
0x67fafaf1fb651a46eb1ffd2c39c7ffb01e9d3200,1344
0xa4c49ad90cd66d2b7ebdad83d6ea229ce69376a3,1345
0x4bc138ec3d107e60bde1d114c19559247576bc40,1346
0xe190f4a8411ab4a3c1e5a57906294e1dbdcaec15,1347
0x015cb512026b88eb85ad6a983e104bba3dd9a577,1348
0x04a163c9e3cadc6341ac0340403b42c83e384832,1349
0xa73d31450476be898fa94937b7994276639de51c,1350
0xd7239c5a25dd62983c2b071b25d50111fe009ec1,1351
0xfe9ccd888dfcda8910fb47f492193664ca0ab237,1352
0x163b4aa17e682d1660a490a8041a170562411208,1353
0x0a24ca6cca01e0343b3b638e10e89b897ba70f04,1354
0x922456b0baae6d5fa3e5beaa7b9f235089f3930b,1355
0xf56d334a7ad40b5a185d3ce7ce61f8827972e34d,1356
0x350ab23e005ea97c385b9cb410ed944016db22f4,1357
0x4676b720c02e5089664d9cac6ed55054ee2a6e63,1358
0xe6069d0158fddf0fd9b13f8f9fe69829c4b869ed,1359
0x40dad9d3d3429a56c7d651830b0ed23a2ef1af73,1360
0x2b57a7c19bb97fa3145b400e2079ee6541cb389d,1361
0x73770dc8c0477826e6ce849ba06688690ddd6fd6,1362
0x9997f5f529ba73dd9aff051607937c39eb003e6e,1363
0x802d7363ff914ff2b48ca943c099b0047f93fd68,1364
0x432a20d509de59361b86274732e6349d48818341,1365
0x8692d858d3730009327f47396c0f26b0de854a61,1366
0x29b46a3f3fcc2353f6bef5d5bb6811ce75be3849,1367
0x28a5ec68d0712a81337c532c90a3192e34f9660d,1368
0xa8619897cd8ecc9c0a98a2b04401a412ec78b930,1369
0x45307befbcad615190a03578bda87c32cfa0114e,1370
0x7949f91d0bd6cfa7d638e920affad2b73b5f06f1,1371
0xdde44a0d152b9efee72b1abdd78235dce9e79de4,1372
0x4e87ec6bec957a983822545cad176f5ae9f5c5b7,1373
0x7c4dce43c04fb03ad9b90925b894e1de6304ebe9,1374
0x13b1c747da70a65a1d2c5bef8c4253b501c596b4,1375
0xc237a4d193523d8a4dc5029c3e3b691c3e699a9d,1376
0x316c4b7a13e74dd24ab182a2229d18fed0d69d49,1377
0xc9223ba461309490016990ef3018ec28be16db83,1378
0x34c9ebe6876f69365d4299d538eb986283a6d15a,1379
0xe1261b9996c5582a4352065aa269d40e74a91927,1380
0x7e6272ea50b57da046a37be99c0cedbc14dade24,1381
0x1cd55ebed04120eb7e8f9e9c58bfce950f043003,1382
0xec8a998aaa4390dcdd7ff837eb0fcb56f261a905,1383
0xad8d3a5d2d92eb14bb56ca9f380be35b8efe0c04,1384
0x1e4a14f2ab0563005b392be6c590843019a1809c,1385
0xd8fce1b003477a5bbd4cf53a0c36bff808df4e04,1386
0x06d65ba317c6a5001d10d5c456b1281b4c749b02,1387
0xb3fa800f1f8a6dbd04e502f35a1c601fe3bf9551,1388
